opportunity_id,source_relation,chronology_status,material_predicate_contradiction,midpoint_first_cross_utc,first_executable_tick_utc,entry_before_failure_close,shock_open,shock_high,shock_low,shock_close,shock_tr_pips,shock_median_tr96,shock_ratio,raw_up_shock,raw_down_shock,raw_shock_direction,failure_open,failure_high,failure_low,failure_close,failure_short,failure_long,midpoint,shock_ticks,failure_ticks
2023H1|D_SHOCK_FAILURE|2023-01-03T06:30:00+00:00|1,DUKASCOPY_RAW_VS_RAKUTEN_ACCEPTED_BAR,BOUNDED_SOURCE_MISMATCH,False,2023-01-03 06:25:12.241000+00:00,2023-01-03 06:30:00.171000+00:00,False,129.812,129.816,129.644,129.646,17.199999999999704,6.599999999998829,2.606060606061024,False,True,DOWN,129.647,129.809,129.613,129.787,False,True,129.73000000000002,2982,2821
2023H1|D_SHOCK_FAILURE|2023-01-12T14:15:00+00:00|1,DUKASCOPY_RAW_VS_RAKUTEN_ACCEPTED_BAR,BOUNDED_SOURCE_MISMATCH,False,2023-01-12 14:07:17.062000+00:00,2023-01-12 14:15:00.003000+00:00,False,130.247,130.252,129.497,129.645,75.49999999999955,13.100000000000023,5.76335877862591,False,True,DOWN,129.643,130.248,129.577,130.19,False,True,129.8745,9597,7692
2023H1|D_SHOCK_FAILURE|2023-01-24T15:15:00+00:00|-1,DUKASCOPY_RAW_VS_RAKUTEN_ACCEPTED_BAR,BOUNDED_SOURCE_MISMATCH,False,2023-01-24 15:10:58.664000+00:00,2023-01-24 15:15:00.071000+00:00,False,130.44,131.116,130.44,131.068,71.30000000000223,10.550000000000637,6.758293838862363,True,False,UP,131.067,131.106,130.641,130.674,True,False,130.77800000000002,6658,5344
2023H1|D_SHOCK_FAILURE|2023-02-01T15:15:00+00:00|1,DUKASCOPY_RAW_VS_RAKUTEN_ACCEPTED_BAR,BOUNDED_SOURCE_MISMATCH,False,2023-02-01 15:00:01.232000+00:00,2023-02-01 15:15:00.085000+00:00,False,129.522,129.539,129.315,129.315,22.399999999998954,8.399999999998897,2.666666666666892,False,True,DOWN,129.314,129.68,129.256,129.499,False,True,129.427,3363,5560
2023H1|D_SHOCK_FAILURE|2023-02-01T20:30:00+00:00|-1,DUKASCOPY_RAW_VS_RAKUTEN_ACCEPTED_BAR,BOUNDED_SOURCE_MISMATCH,False,2023-02-01 20:19:30.869000+00:00,2023-02-01 20:30:00.052000+00:00,False,128.761,129.024,128.663,128.974,36.099999999999,8.599999999999852,4.197674418604607,False,False,UP,128.972,129.151,128.686,128.725,True,False,128.8435,7181,5717
2023H1|D_SHOCK_FAILURE|2023-02-07T18:15:00+00:00|1,DUKASCOPY_RAW_VS_RAKUTEN_ACCEPTED_BAR,BOUNDED_SOURCE_MISMATCH,False,2023-02-07 18:11:19.180000+00:00,2023-02-07 18:15:00.108000+00:00,False,131.113,131.127,130.472,130.565,65.50000000000011,12.199999999999989,5.3688524590164075,False,True,DOWN,130.568,130.949,130.491,130.931,False,True,130.79950000000002,9725,8555
2023H1|D_SHOCK_FAILURE|2023-02-09T18:00:00+00:00|-1,DUKASCOPY_RAW_VS_RAKUTEN_ACCEPTED_BAR,BOUNDED_SOURCE_MISMATCH,False,2023-02-09 17:59:31.596000+00:00,2023-02-09 18:00:00.189000+00:00,False,131.002,131.309,131.002,131.267,30.699999999998795,11.899999999999977,2.579831932773013,True,False,UP,131.267,131.304,131.147,131.15,True,False,131.15550000000002,2104,2037
2023H1|D_SHOCK_FAILURE|2023-03-01T16:00:00+00:00|1,DUKASCOPY_RAW_VS_RAKUTEN_ACCEPTED_BAR,BOUNDED_SOURCE_MISMATCH,False,2023-03-01 15:50:49.896000+00:00,2023-03-01 16:00:00.037000+00:00,False,136.192,136.212,135.938,135.994,27.40000000000009,10.39999999999992,2.6346153846154134,False,False,DOWN,135.993,136.177,135.883,136.109,False,True,136.075,3837,4222
2023H1|D_SHOCK_FAILURE|2023-03-15T12:30:00+00:00|1,DUKASCOPY_RAW_VS_RAKUTEN_ACCEPTED_BAR,UNRESOLVED,True,2023-03-15 12:15:00.014000+00:00,2023-03-15 12:30:00.081000+00:00,False,133.53,133.593,133.013,133.049,57.99999999999841,15.550000000000352,3.729903536977305,False,True,DOWN,133.048,133.174,132.969,133.102,False,False,133.303,6964,6271
2023H1|D_SHOCK_FAILURE|2023-03-23T06:45:00+00:00|1,DUKASCOPY_RAW_VS_RAKUTEN_ACCEPTED_BAR,UNRESOLVED,True,2023-03-23 06:32:13.895000+00:00,2023-03-23 06:45:03.444000+00:00,False,130.639,130.76,130.625,130.686,13.49999999999909,13.049999999998363,1.0344827586207497,False,False,UP,130.685,130.813,130.685,130.725,False,True,130.6925,2673,2696
2023H1|D_SHOCK_FAILURE|2023-04-25T07:15:00+00:00|-1,DUKASCOPY_RAW_VS_RAKUTEN_ACCEPTED_BAR,BOUNDED_SOURCE_MISMATCH,False,2023-04-25 07:04:41.168000+00:00,2023-04-25 07:15:00.256000+00:00,False,134.195,134.479,134.184,134.451,29.50000000000159,7.399999999999807,3.9864864864868057,True,False,UP,134.45,134.46,134.197,134.223,True,False,134.3315,2522,4228
2023H1|D_SHOCK_FAILURE|2023-04-26T14:45:00+00:00|1,DUKASCOPY_RAW_VS_RAKUTEN_ACCEPTED_BAR,BOUNDED_SOURCE_MISMATCH,False,2023-04-26 14:36:26.614000+00:00,2023-04-26 14:45:00.246000+00:00,False,133.265,133.272,133.014,133.024,25.799999999998136,10.249999999999204,2.5170731707317207,False,True,DOWN,133.025,133.253,133.013,133.248,False,True,133.143,3712,3219
2023H1|D_SHOCK_FAILURE|2023-05-05T13:30:00+00:00|1,DUKASCOPY_RAW_VS_RAKUTEN_ACCEPTED_BAR,BOUNDED_SOURCE_MISMATCH,False,2023-05-05 13:21:20.162000+00:00,2023-05-05 13:30:00.026000+00:00,False,134.97,134.983,134.738,134.74,24.500000000000455,9.69999999999942,2.5257731958764866,False,True,DOWN,134.741,134.913,134.714,134.869,False,True,134.8605,3451,2730
2023H1|D_SHOCK_FAILURE|2023-05-10T13:45:00+00:00|-1,DUKASCOPY_RAW_VS_RAKUTEN_ACCEPTED_BAR,BOUNDED_SOURCE_MISMATCH,False,2023-05-10 13:37:23.071000+00:00,2023-05-10 13:45:00.326000+00:00,False,134.491,134.681,134.491,134.681,18.999999999999773,6.9500000000005,2.7338129496400585,True,False,UP,134.68,134.719,134.514,134.541,True,False,134.586,3715,4234
2023H1|D_SHOCK_FAILURE|2023-05-22T17:30:00+00:00|1,DUKASCOPY_RAW_VS_RAKUTEN_ACCEPTED_BAR,BOUNDED_SOURCE_MISMATCH,False,2023-05-22 17:17:49.564000+00:00,2023-05-22 17:30:00.076000+00:00,False,138.549,138.564,138.319,138.326,24.500000000000455,9.199999999999875,2.6630434782609553,False,True,DOWN,138.323,138.523,138.263,138.5,False,True,138.4415,1446,2843
2023H1|D_SHOCK_FAILURE|2023-05-24T08:00:00+00:00|1,DUKASCOPY_RAW_VS_RAKUTEN_ACCEPTED_BAR,BOUNDED_SOURCE_MISMATCH,False,2023-05-24 07:50:11.685000+00:00,2023-05-24 08:00:00.097000+00:00,False,138.642,138.693,138.448,138.456,24.500000000000455,8.70000000000033,2.816091954022934,False,True,DOWN,138.457,138.681,138.45,138.645,False,True,138.5705,3013,2416
2023H1|D_SHOCK_FAILURE|2023-05-30T06:45:00+00:00|-1,DUKASCOPY_RAW_VS_RAKUTEN_ACCEPTED_BAR,BOUNDED_SOURCE_MISMATCH,False,2023-05-30 06:31:57.409000+00:00,2023-05-30 06:45:00.098000+00:00,False,140.76,140.932,140.759,140.896,17.300000000000182,6.1499999999995225,2.8130081300815486,False,False,UP,140.896,140.902,140.34,140.408,True,False,140.8455,2625,5007
2023H1|D_SHOCK_FAILURE|2023-05-30T09:30:00+00:00|-1,DUKASCOPY_RAW_VS_RAKUTEN_ACCEPTED_BAR,BOUNDED_SOURCE_MISMATCH,False,2023-05-30 09:24:22.420000+00:00,2023-05-30 09:30:00.001000+00:00,False,140.164,140.648,140.134,140.589,51.400000000001,6.499999999999773,7.907692307692738,True,False,UP,140.59,140.591,140.244,140.244,True,False,140.391,5178,3396
2023H1|D_SHOCK_FAILURE|2023-06-02T13:45:00+00:00|1,DUKASCOPY_RAW_VS_RAKUTEN_ACCEPTED_BAR,BOUNDED_SOURCE_MISMATCH,False,2023-06-02 13:35:51.428000+00:00,2023-06-02 13:45:00.109000+00:00,False,139.182,139.212,138.987,139.023,22.49999999999943,8.450000000000557,2.6627218934908816,False,True,DOWN,139.022,139.256,138.966,139.253,False,True,139.09949999999998,2973,4220
2023H1|D_SHOCK_FAILURE|2023-06-07T14:15:00+00:00|1,DUKASCOPY_RAW_VS_RAKUTEN_ACCEPTED_BAR,BOUNDED_SOURCE_MISMATCH,False,2023-06-07 14:00:01.537000+00:00,2023-06-07 14:15:00.084000+00:00,False,139.263,139.266,139.022,139.042,24.399999999999977,7.199999999998852,3.388888888889426,False,True,DOWN,139.042,139.442,139.032,139.429,False,True,139.144,3077,5409
2023H1|D_SHOCK_FAILURE|2023-06-16T00:30:00+00:00|1,DUKASCOPY_RAW_VS_RAKUTEN_ACCEPTED_BAR,BOUNDED_SOURCE_MISMATCH,False,2023-06-16 00:20:58.383000+00:00,2023-06-16 00:30:00.338000+00:00,False,140.265,140.289,139.999,140.048,28.999999999999204,10.150000000000148,2.8571428571427373,False,True,DOWN,140.047,140.16,140.047,140.16,False,True,140.144,2426,1136
2023H2|D_SHOCK_FAILURE|2023-07-06T00:30:00+00:00|1,DUKASCOPY_RAW_VS_RAKUTEN_ACCEPTED_BAR,BOUNDED_SOURCE_MISMATCH,False,2023-07-06 00:28:45.057000+00:00,2023-07-06 00:30:00.157000+00:00,False,144.5,144.512,144.325,144.343,18.700000000001182,6.9000000000002615,2.7101449275363003,False,True,DOWN,144.344,144.433,144.319,144.433,False,True,144.4185,2033,1404
2023H2|D_SHOCK_FAILURE|2023-07-12T02:30:00+00:00|-1,DUKASCOPY_RAW_VS_RAKUTEN_ACCEPTED_BAR,BOUNDED_SOURCE_MISMATCH,False,2023-07-12 02:27:52.385000+00:00,2023-07-12 02:30:00.157000+00:00,False,139.464,139.723,139.429,139.722,29.400000000001114,11.699999999999022,2.512820512820818,True,False,UP,139.721,139.746,139.56,139.566,True,False,139.57600000000002,2568,2278
2023H2|D_SHOCK_FAILURE|2023-07-13T14:45:00+00:00|-1,DUKASCOPY_RAW_VS_RAKUTEN_ACCEPTED_BAR,BOUNDED_SOURCE_MISMATCH,False,2023-07-13 14:40:20.296000+00:00,2023-07-13 14:45:00.128000+00:00,False,138.099,138.418,138.091,138.415,32.69999999999982,12.350000000000705,2.647773279352061,True,False,UP,138.414,138.42,138.217,138.219,True,False,138.2545,2990,2336
2023H2|D_SHOCK_FAILURE|2023-07-21T14:45:00+00:00|1,DUKASCOPY_RAW_VS_RAKUTEN_ACCEPTED_BAR,BOUNDED_SOURCE_MISMATCH,False,2023-07-21 14:43:39.678000+00:00,2023-07-21 14:45:00.035000+00:00,False,141.758,141.792,141.515,141.529,27.700000000001523,10.400000000001342,2.6634615384613416,False,True,DOWN,141.529,141.687,141.515,141.676,False,True,141.6535,2478,2148
2023H2|D_SHOCK_FAILURE|2023-07-24T14:00:00+00:00|1,DUKASCOPY_RAW_VS_RAKUTEN_ACCEPTED_BAR,BOUNDED_SOURCE_MISMATCH,False,2023-07-24 13:45:00.261000+00:00,2023-07-24 14:00:00.022000+00:00,False,141.15,141.197,140.943,140.955,25.399999999999068,10.649999999999693,2.3849765258215774,False,False,DOWN,140.962,141.268,140.739,141.153,False,True,141.07,3281,5819
2023H2|D_SHOCK_FAILURE|2023-07-26T18:45:00+00:00|-1,DUKASCOPY_RAW_VS_RAKUTEN_ACCEPTED_BAR,BOUNDED_SOURCE_MISMATCH,False,2023-07-26 18:32:21.319000+00:00,2023-07-26 18:45:00.201000+00:00,False,140.453,140.678,140.422,140.643,25.600000000000023,8.899999999998442,2.876404494382528,True,False,UP,140.644,140.695,140.091,140.146,True,False,140.55,3042,7073
2023H2|D_SHOCK_FAILURE|2023-07-27T02:30:00+00:00|1,DUKASCOPY_RAW_VS_RAKUTEN_ACCEPTED_BAR,BOUNDED_SOURCE_MISMATCH,False,2023-07-27 02:23:49.429000+00:00,2023-07-27 02:30:00.854000+00:00,False,139.773,139.773,139.379,139.396,39.400000000000546,9.700000000000841,4.061855670102797,False,True,DOWN,139.4,139.616,139.388,139.61,False,True,139.576,2856,2169
2023H2|D_SHOCK_FAILURE|2023-07-27T20:00:00+00:00|1,DUKASCOPY_RAW_VS_RAKUTEN_ACCEPTED_BAR,BOUNDED_SOURCE_MISMATCH,False,2023-07-27 19:51:02.905000+00:00,2023-07-27 20:00:00.091000+00:00,False,139.111,139.159,138.841,138.863,31.799999999998363,12.600000000000477,2.523809523809298,False,True,DOWN,138.862,139.086,138.765,139.065,False,True,139.0,2448,2746
2023H2|D_SHOCK_FAILURE|2023-08-01T22:15:00+00:00|1,DUKASCOPY_RAW_VS_RAKUTEN_ACCEPTED_BAR,BOUNDED_SOURCE_MISMATCH,False,2023-08-01 22:00:59.009000+00:00,2023-08-01 22:15:00.132000+00:00,False,143.034,143.085,142.693,142.76,39.19999999999959,8.950000000000102,4.3798882681563285,False,True,DOWN,142.756,143.0,142.756,142.909,False,True,142.889,1113,1979
2023H2|D_SHOCK_FAILURE|2023-08-18T12:45:00+00:00|-1,DUKASCOPY_RAW_VS_RAKUTEN_ACCEPTED_BAR,BOUNDED_SOURCE_MISMATCH,False,2023-08-18 12:44:12.427000+00:00,2023-08-18 12:45:00.080000+00:00,False,145.526,145.765,145.511,145.734,25.399999999999068,9.300000000000352,2.731182795698721,True,False,UP,145.735,145.75,145.609,145.616,True,False,145.63799999999998,3318,3123
2023H2|D_SHOCK_FAILURE|2023-08-18T15:15:00+00:00|1,DUKASCOPY_RAW_VS_RAKUTEN_ACCEPTED_BAR,BOUNDED_SOURCE_MISMATCH,False,2023-08-18 15:00:40.344000+00:00,2023-08-18 15:15:00.127000+00:00,False,145.346,145.375,145.137,145.18,23.799999999999955,9.099999999999397,2.6153846153847837,False,True,DOWN,145.181,145.328,145.181,145.263,False,True,145.256,2537,2309
2023H2|D_SHOCK_FAILURE|2023-08-24T15:00:00+00:00|1,DUKASCOPY_RAW_VS_RAKUTEN_ACCEPTED_BAR,BOUNDED_SOURCE_MISMATCH,False,2023-08-24 14:52:39.930000+00:00,2023-08-24 15:00:00.526000+00:00,False,145.614,145.672,145.472,145.472,19.999999999998863,7.700000000001239,2.5974025974020316,False,True,DOWN,145.467,145.63,145.435,145.592,False,True,145.572,2593,2653
2023H2|D_SHOCK_FAILURE|2023-08-29T14:45:00+00:00|1,DUKASCOPY_RAW_VS_RAKUTEN_ACCEPTED_BAR,BOUNDED_SOURCE_MISMATCH,False,2023-08-29 14:35:32.077000+00:00,2023-08-29 14:45:00.200000+00:00,False,146.586,146.596,146.181,146.232,41.499999999999204,5.949999999999989,6.974789915966266,False,True,DOWN,146.236,146.581,146.206,146.484,False,True,146.38850000000002,5205,4616
2023H2|D_SHOCK_FAILURE|2023-09-05T07:30:00+00:00|1,DUKASCOPY_RAW_VS_RAKUTEN_ACCEPTED_BAR,BOUNDED_SOURCE_MISMATCH,False,2023-09-05 07:23:31.100000+00:00,2023-09-05 07:30:00.344000+00:00,False,146.961,146.979,146.845,146.868,13.400000000001455,4.749999999999943,2.8210526315792874,False,True,DOWN,146.868,146.966,146.833,146.964,False,True,146.912,2621,2771
2023H2|D_SHOCK_FAILURE|2023-09-05T15:30:00+00:00|1,DUKASCOPY_RAW_VS_RAKUTEN_ACCEPTED_BAR,BOUNDED_SOURCE_MISMATCH,False,2023-09-05 15:21:08.605000+00:00,2023-09-05 15:30:00.147000+00:00,False,147.694,147.731,147.591,147.602,13.999999999998636,5.450000000000443,2.568807339449082,False,True,DOWN,147.601,147.687,147.601,147.666,False,True,147.661,2257,1764
2023H2|D_SHOCK_FAILURE|2023-09-08T13:45:00+00:00|1,DUKASCOPY_RAW_VS_RAKUTEN_ACCEPTED_BAR,BOUNDED_SOURCE_MISMATCH,False,2023-09-08 13:43:47.636000+00:00,2023-09-08 13:45:01.605000+00:00,False,147.643,147.696,147.493,147.499,20.300000000000296,8.050000000000068,2.521739130434798,False,True,DOWN,147.498,147.612,147.431,147.606,False,True,147.59449999999998,2365,2751
2023H2|D_SHOCK_FAILURE|2023-09-11T06:30:00+00:00|1,DUKASCOPY_RAW_VS_RAKUTEN_ACCEPTED_BAR,BOUNDED_SOURCE_MISMATCH,False,2023-09-11 06:23:02.701000+00:00,2023-09-11 06:30:01.187000+00:00,False,146.211,146.289,145.945,145.948,34.39999999999941,10.750000000001592,3.1999999999994713,False,True,DOWN,145.947,146.184,145.908,146.152,False,True,146.117,3292,2395
2023H2|D_SHOCK_FAILURE|2023-09-14T13:30:00+00:00|1,DUKASCOPY_RAW_VS_RAKUTEN_ACCEPTED_BAR,BOUNDED_SOURCE_MISMATCH,False,2023-09-14 13:26:06.423000+00:00,2023-09-14 13:30:00.150000+00:00,False,147.406,147.414,147.051,147.086,36.299999999999955,6.400000000000716,5.671874999999358,False,True,DOWN,147.088,147.288,147.051,147.28,False,True,147.2325,5937,4300
2023H2|D_SHOCK_FAILURE|2023-09-28T14:30:00+00:00|1,DUKASCOPY_RAW_VS_RAKUTEN_ACCEPTED_BAR,BOUNDED_SOURCE_MISMATCH,False,2023-09-28 14:16:45.176000+00:00,2023-09-28 14:30:00+00:00,False,149.298,149.33,149.143,149.176,18.700000000001182,6.200000000001182,3.01612903225768,False,True,DOWN,149.176,149.288,149.172,149.272,False,True,149.2365,3870,2525
2023H2|D_SHOCK_FAILURE|2023-09-29T09:15:00+00:00|-1,DUKASCOPY_RAW_VS_RAKUTEN_ACCEPTED_BAR,UNRESOLVED,True,2023-09-29 09:08:29.627000+00:00,2023-09-29 09:15:03.282000+00:00,False,148.939,149.081,148.898,149.072,18.299999999999272,6.749999999999545,2.711111111111186,True,False,UP,149.072,149.083,148.98,148.991,False,False,148.9895,1906,1817
2023H2|D_SHOCK_FAILURE|2023-10-04T08:00:00+00:00|1,DUKASCOPY_RAW_VS_RAKUTEN_ACCEPTED_BAR,BOUNDED_SOURCE_MISMATCH,False,2023-10-04 07:48:30.685000+00:00,2023-10-04 08:00:00.042000+00:00,False,148.921,148.945,148.733,148.75,21.19999999999891,7.500000000000284,2.826666666666414,False,True,DOWN,148.748,148.917,148.744,148.846,False,True,148.839,2206,1935
2023H2|D_SHOCK_FAILURE|2023-10-09T19:15:00+00:00|1,DUKASCOPY_RAW_VS_RAKUTEN_ACCEPTED_BAR,BOUNDED_SOURCE_MISMATCH,False,2023-10-09 19:09:56.873000+00:00,2023-10-09 19:15:01.534000+00:00,False,148.576,148.59,148.449,148.457,14.099999999999113,4.549999999998988,3.0989010989015933,False,True,DOWN,148.457,148.54,148.436,148.526,False,True,148.5195,923,1192
2023H2|D_SHOCK_FAILURE|2023-10-19T16:15:00+00:00|-1,DUKASCOPY_RAW_VS_RAKUTEN_ACCEPTED_BAR,BOUNDED_SOURCE_MISMATCH,False,2023-10-19 16:00:15.030000+00:00,2023-10-19 16:15:00.115000+00:00,False,149.823,149.93,149.822,149.92,10.80000000000041,3.9500000000003865,2.7341772151897095,True,False,UP,149.919,149.959,149.697,149.77,True,False,149.876,1386,5178
2023H2|D_SHOCK_FAILURE|2023-10-26T07:00:00+00:00|-1,DUKASCOPY_RAW_VS_RAKUTEN_ACCEPTED_BAR,BOUNDED_SOURCE_MISMATCH,False,2023-10-26 06:46:56.523000+00:00,2023-10-26 07:00:00.089000+00:00,False,150.631,150.776,150.628,150.768,14.900000000000091,3.499999999999659,4.257142857143298,True,False,UP,150.767,150.768,149.83,150.442,True,False,150.702,1575,3711
2023H2|D_SHOCK_FAILURE|2023-11-06T08:15:00+00:00|-1,DUKASCOPY_RAW_VS_RAKUTEN_ACCEPTED_BAR,BOUNDED_SOURCE_MISMATCH,False,2023-11-06 08:02:35.826000+00:00,2023-11-06 08:15:00.098000+00:00,False,149.578,149.733,149.569,149.726,16.40000000000157,6.650000000000489,2.466165413533889,False,False,UP,149.73,149.73,149.568,149.569,True,False,149.651,941,1393
2023H2|D_SHOCK_FAILURE|2023-11-07T16:00:00+00:00|-1,DUKASCOPY_RAW_VS_RAKUTEN_ACCEPTED_BAR,BOUNDED_SOURCE_MISMATCH,False,2023-11-07 15:55:04.077000+00:00,2023-11-07 16:00:00.156000+00:00,False,150.528,150.642,150.47,150.64,17.199999999999704,5.500000000000682,3.1272727272722856,True,False,UP,150.64,150.642,150.487,150.497,True,False,150.55599999999998,1297,1760
2023H2|D_SHOCK_FAILURE|2023-11-14T14:30:00+00:00|1,DUKASCOPY_RAW_VS_RAKUTEN_ACCEPTED_BAR,BOUNDED_SOURCE_MISMATCH,False,2023-11-14 14:16:47.834000+00:00,2023-11-14 14:30:00.003000+00:00,False,151.001,151.003,150.767,150.787,23.599999999999,3.650000000000375,6.4657534246565955,False,True,DOWN,150.788,150.975,150.771,150.97,False,True,150.885,4800,4057
2023H2|D_SHOCK_FAILURE|2023-11-16T15:45:00+00:00|1,DUKASCOPY_RAW_VS_RAKUTEN_ACCEPTED_BAR,BOUNDED_SOURCE_MISMATCH,False,2023-11-16 15:40:10.260000+00:00,2023-11-16 15:45:00.773000+00:00,False,150.5,150.504,150.321,150.354,18.299999999999272,5.799999999999272,3.1551724137933737,False,True,DOWN,150.353,150.526,150.285,150.515,False,True,150.4125,2353,2721
2023H2|D_SHOCK_FAILURE|2023-11-17T13:30:00+00:00|1,DUKASCOPY_RAW_VS_RAKUTEN_ACCEPTED_BAR,BOUNDED_SOURCE_MISMATCH,False,2023-11-17 13:19:02.267000+00:00,2023-11-17 13:30:00.037000+00:00,False,149.368,149.425,149.196,149.215,22.90000000000134,8.749999999999147,2.6171428571432656,False,True,DOWN,149.216,149.385,149.216,149.363,False,True,149.3105,1931,1796
2023H2|D_SHOCK_FAILURE|2023-11-21T01:45:00+00:00|1,DUKASCOPY_RAW_VS_RAKUTEN_ACCEPTED_BAR,BOUNDED_SOURCE_MISMATCH,False,2023-11-21 01:32:22.967000+00:00,2023-11-21 01:45:00.104000+00:00,False,148.212,148.212,147.866,147.932,34.699999999998,11.249999999999716,3.0844444444443444,False,True,DOWN,147.929,148.102,147.895,148.081,False,True,148.039,2914,2743
2023H2|D_SHOCK_FAILURE|2023-11-27T04:00:00+00:00|1,DUKASCOPY_RAW_VS_RAKUTEN_ACCEPTED_BAR,BOUNDED_SOURCE_MISMATCH,False,2023-11-27 03:58:55.695000+00:00,2023-11-27 04:00:02.210000+00:00,False,149.066,149.068,148.894,148.916,17.40000000000066,6.450000000000955,2.697674418604354,False,True,DOWN,148.919,148.985,148.904,148.983,False,True,148.981,1607,1211
2023H2|D_SHOCK_FAILURE|2023-12-08T14:30:00+00:00|-1,DUKASCOPY_RAW_VS_RAKUTEN_ACCEPTED_BAR,BOUNDED_SOURCE_MISMATCH,False,2023-12-08 14:28:08.740000+00:00,2023-12-08 14:30:00.046000+00:00,False,144.195,144.791,144.172,144.754,61.89999999999998,21.399999999999864,2.892523364485999,True,False,UP,144.755,144.76,144.404,144.443,True,False,144.48149999999998,6181,5110
2023H2|D_SHOCK_FAILURE|2023-12-12T14:30:00+00:00|1,DUKASCOPY_RAW_VS_RAKUTEN_ACCEPTED_BAR,BOUNDED_SOURCE_MISMATCH,False,2023-12-12 14:19:02.581000+00:00,2023-12-12 14:30:00.270000+00:00,False,145.646,145.665,145.302,145.346,36.299999999999955,10.949999999999704,3.31506849315077,False,True,DOWN,145.346,145.672,145.342,145.613,False,True,145.4835,5103,3759
2023H2|D_SHOCK_FAILURE|2023-12-13T23:00:00+00:00|1,DUKASCOPY_RAW_VS_RAKUTEN_ACCEPTED_BAR,BOUNDED_SOURCE_MISMATCH,False,2023-12-13 22:52:58.604000+00:00,2023-12-13 23:00:00.130000+00:00,False,142.566,142.579,142.196,142.198,38.30000000000098,10.799999999998988,3.546296296296719,False,True,DOWN,142.203,142.676,142.084,142.563,False,True,142.3875,1542,2488
2023H2|D_SHOCK_FAILURE|2023-12-28T14:15:00+00:00|-1,DUKASCOPY_RAW_VS_RAKUTEN_ACCEPTED_BAR,BOUNDED_SOURCE_MISMATCH,False,2023-12-28 14:12:24.158000+00:00,2023-12-28 14:15:00.046000+00:00,False,140.81,141.136,140.786,141.118,34.99999999999943,10.75000000000017,3.2558139534882677,True,False,UP,141.117,141.12,140.933,140.946,True,False,140.961,2962,2483
2024H1|D_SHOCK_FAILURE|2024-01-11T15:30:00+00:00|-1,DUKASCOPY_RAW_MATCHED,EXACT_CONFIRMED,False,2024-01-11 15:18:14.251000+00:00,2024-01-11 15:30:00.005000+00:00,False,145.902,146.22,145.902,146.208,31.800000000001205,9.900000000001796,3.212121212120751,True,False,UP,146.206,146.231,145.741,145.794,True,False,146.06099999999998,4785,4697
2024H1|D_SHOCK_FAILURE|2024-01-16T00:30:00+00:00|1,DUKASCOPY_RAW_MATCHED,EXACT_CONFIRMED,False,2024-01-16 00:27:00.366000+00:00,2024-01-16 00:30:00.282000+00:00,False,145.79,145.798,145.586,145.604,21.19999999999891,7.550000000000523,2.8079470198672105,False,True,DOWN,145.604,145.734,145.583,145.725,False,True,145.692,2023,2099
2024H1|D_SHOCK_FAILURE|2024-01-16T14:00:00+00:00|1,DUKASCOPY_RAW_MATCHED,EXACT_CONFIRMED,False,2024-01-16 13:46:44.513000+00:00,2024-01-16 14:00:00.005000+00:00,False,146.746,146.746,146.281,146.339,46.50000000000034,8.550000000001035,5.438596491227452,False,True,DOWN,146.339,146.662,146.331,146.626,False,True,146.51350000000002,5529,3843
2024H1|D_SHOCK_FAILURE|2024-01-17T15:15:00+00:00|-1,DUKASCOPY_RAW_MATCHED,EXACT_CONFIRMED,False,2024-01-17 15:07:42.363000+00:00,2024-01-17 15:15:00.058000+00:00,False,148.115,148.368,148.113,148.343,25.499999999999545,9.250000000000114,2.7567567567566735,True,False,UP,148.34,148.385,148.12,148.143,True,False,148.2405,3738,4370
2024H1|D_SHOCK_FAILURE|2024-01-23T06:30:00+00:00|-1,DUKASCOPY_RAW_MATCHED,EXACT_CONFIRMED,False,2024-01-23 06:28:53.176000+00:00,2024-01-23 06:30:00.957000+00:00,False,147.921,148.135,147.88,148.114,25.499999999999545,9.250000000000114,2.7567567567566735,True,False,UP,148.114,148.171,147.987,147.999,True,False,148.0075,1836,1816
2024H1|D_SHOCK_FAILURE|2024-01-31T16:15:00+00:00|1,DUKASCOPY_RAW_MATCHED,EXACT_CONFIRMED,False,2024-01-31 16:07:08.344000+00:00,2024-01-31 16:15:00.026000+00:00,False,146.495,146.495,146.135,146.178,36.000000000001364,8.64999999999867,4.161849710983456,False,True,DOWN,146.179,146.409,146.067,146.365,False,True,146.315,6384,4809
2024H1|D_SHOCK_FAILURE|2024-02-01T02:30:00+00:00|1,DUKASCOPY_RAW_MATCHED,EXACT_CONFIRMED,False,2024-02-01 02:22:28.586000+00:00,2024-02-01 02:30:03.339000+00:00,False,146.776,146.781,146.473,146.517,30.799999999999272,10.900000000000887,2.8256880733941987,False,True,DOWN,146.517,146.654,146.504,146.637,False,True,146.627,1860,2012
2024H1|D_SHOCK_FAILURE|2024-02-09T14:30:00+00:00|1,DUKASCOPY_RAW_MATCHED,EXACT_CONFIRMED,False,2024-02-09 14:20:38.004000+00:00,2024-02-09 14:30:00.009000+00:00,False,149.388,149.423,149.17,149.187,25.300000000001432,6.749999999999545,3.748148148148613,False,True,DOWN,149.186,149.445,149.181,149.411,False,True,149.29649999999998,3706,3293
2024H1|D_SHOCK_FAILURE|2024-02-20T01:30:00+00:00|-1,DUKASCOPY_RAW_MATCHED,EXACT_CONFIRMED,False,2024-02-20 01:16:42.712000+00:00,2024-02-20 01:30:00.243000+00:00,False,150.27,150.343,150.248,150.335,9.499999999999886,3.7499999999994316,2.533333333333687,True,False,UP,150.333,150.344,150.237,150.24,True,False,150.2955,1922,2126
2024H1|D_SHOCK_FAILURE|2024-02-20T14:45:00+00:00|1,DUKASCOPY_RAW_MATCHED,EXACT_CONFIRMED,False,2024-02-20 14:44:29.296000+00:00,2024-02-20 14:45:01.103000+00:00,False,149.948,149.968,149.805,149.811,16.29999999999825,4.850000000000421,3.360824742267389,False,True,DOWN,149.811,149.892,149.777,149.889,False,True,149.8865,2691,3003
2024H1|D_SHOCK_FAILURE|2024-02-29T08:15:00+00:00|1,DUKASCOPY_RAW_MATCHED,EXACT_CONFIRMED,False,2024-02-29 08:05:45.036000+00:00,2024-02-29 08:15:00.513000+00:00,False,149.778,149.805,149.654,149.661,15.100000000001046,5.949999999999989,2.537815126050601,False,True,DOWN,149.669,149.756,149.614,149.733,False,True,149.7295,2602,1999
2024H1|D_SHOCK_FAILURE|2024-03-04T15:15:00+00:00|1,DUKASCOPY_RAW_MATCHED,EXACT_CONFIRMED,False,2024-03-04 15:08:01.311000+00:00,2024-03-04 15:15:00.910000+00:00,False,150.454,150.47,150.31,150.332,15.999999999999659,6.349999999999056,2.5196850393703993,False,True,DOWN,150.333,150.429,150.326,150.408,False,True,150.39,1984,2019
2024H1|D_SHOCK_FAILURE|2024-03-05T16:00:00+00:00|1,DUKASCOPY_RAW_MATCHED,EXACT_CONFIRMED,False,2024-03-05 15:50:44.834000+00:00,2024-03-05 16:00:00.052000+00:00,False,149.995,150.026,149.884,149.884,14.200000000002433,4.7000000000011255,3.021276595744475,False,True,DOWN,149.883,150.021,149.883,149.983,False,True,149.95499999999998,1888,1452
2024H1|D_SHOCK_FAILURE|2024-03-06T08:00:00+00:00|1,DUKASCOPY_RAW_MATCHED,EXACT_CONFIRMED,False,2024-03-06 07:51:18.987000+00:00,2024-03-06 08:00:00.050000+00:00,False,149.577,149.591,149.371,149.371,21.999999999999886,6.100000000000705,3.606557377048745,False,True,DOWN,149.372,149.56,149.324,149.534,False,True,149.481,1584,1563
2024H1|D_SHOCK_FAILURE|2024-04-03T15:00:00+00:00|1,DUKASCOPY_RAW_MATCHED,EXACT_CONFIRMED,False,2024-04-03 14:50:19.797000+00:00,2024-04-03 15:00:00.053000+00:00,False,151.822,151.845,151.711,151.721,13.399999999998613,3.999999999999204,3.35000000000032,False,True,DOWN,151.72,151.813,151.703,151.785,False,True,151.77800000000002,2520,2389
2024H1|D_SHOCK_FAILURE|2024-04-04T13:15:00+00:00|1,DUKASCOPY_RAW_MATCHED,EXACT_CONFIRMED,False,2024-04-04 13:07:33.065000+00:00,2024-04-04 13:15:00.916000+00:00,False,151.706,151.71,151.61,151.623,9.999999999999432,3.649999999998954,2.7397260273978894,False,True,DOWN,151.623,151.673,151.622,151.663,False,True,151.66000000000003,2354,1310
2024H1|D_SHOCK_FAILURE|2024-04-04T20:00:00+00:00|1,DUKASCOPY_RAW_MATCHED,EXACT_CONFIRMED,False,2024-04-04 19:49:56.058000+00:00,2024-04-04 20:00:00.053000+00:00,False,151.249,151.282,151.12,151.14,16.200000000000614,3.849999999998488,4.20779220779402,False,True,DOWN,151.142,151.251,151.141,151.231,False,True,151.20100000000002,3278,2570
2024H1|D_SHOCK_FAILURE|2024-04-12T01:15:00+00:00|1,DUKASCOPY_RAW_MATCHED,EXACT_CONFIRMED,False,2024-04-12 01:14:34.906000+00:00,2024-04-12 01:15:00.167000+00:00,False,153.16,153.167,152.962,152.969,20.50000000000125,6.349999999999056,3.22834645669359,False,True,DOWN,152.97,153.067,152.969,153.067,False,True,153.0645,1709,2315
2024H1|D_SHOCK_FAILURE|2024-04-19T02:00:00+00:00|1,DUKASCOPY_RAW_MATCHED,EXACT_CONFIRMED,False,2024-04-19 01:48:34.290000+00:00,2024-04-19 02:00:00.098000+00:00,False,154.381,154.408,153.971,154.034,43.69999999999834,5.95000000000141,7.344537815124031,False,True,DOWN,154.035,154.273,154.008,154.235,False,True,154.1895,4652,3466
2024H1|D_SHOCK_FAILURE|2024-04-24T15:00:00+00:00|-1,DUKASCOPY_RAW_MATCHED,EXACT_CONFIRMED,False,2024-04-24 14:48:34.625000+00:00,2024-04-24 15:00:00.048000+00:00,False,154.986,155.107,154.983,155.088,12.399999999999523,3.3999999999991815,3.6470588235301493,True,False,UP,155.089,155.097,154.982,155.002,True,False,155.04500000000002,1304,1747
2024H1|D_SHOCK_FAILURE|2024-04-26T04:15:00+00:00|1,DUKASCOPY_RAW_MATCHED,EXACT_CONFIRMED,False,2024-04-26 04:04:53.378000+00:00,2024-04-26 04:15:01.712000+00:00,False,156.073,156.119,155.923,155.942,19.599999999999795,5.5999999999997385,3.500000000000127,False,True,DOWN,155.943,156.076,155.942,156.041,False,True,156.02100000000002,2317,1154
2024H1|D_SHOCK_FAILURE|2024-05-01T22:15:00+00:00|1,DUKASCOPY_RAW_MATCHED,EXACT_CONFIRMED,False,2024-05-01 22:01:09.046000+00:00,2024-05-01 22:15:00.039000+00:00,False,155.266,155.337,154.224,154.248,111.29999999999995,6.100000000000705,18.245901639342147,False,True,DOWN,154.178,155.275,154.155,155.222,False,True,154.7805,1219,2062
2024H1|D_SHOCK_FAILURE|2024-05-09T13:00:00+00:00|1,DUKASCOPY_RAW_MATCHED,EXACT_CONFIRMED,False,2024-05-09 12:47:34.115000+00:00,2024-05-09 13:00:00.261000+00:00,False,155.792,155.792,155.517,155.57,27.50000000000057,6.000000000000227,4.583333333333254,False,True,DOWN,155.572,155.72,155.566,155.701,False,True,155.65449999999998,3274,2186
2024H1|D_SHOCK_FAILURE|2024-05-16T01:15:00+00:00|1,DUKASCOPY_RAW_MATCHED,EXACT_CONFIRMED,False,2024-05-16 01:03:59.279000+00:00,2024-05-16 01:15:00.144000+00:00,False,153.971,153.971,153.598,153.66,37.39999999999952,10.649999999999693,3.5117370892019344,False,True,DOWN,153.66,153.92,153.652,153.802,False,True,153.7845,3173,2440
2024H1|D_SHOCK_FAILURE|2024-05-24T14:30:00+00:00|1,DUKASCOPY_RAW_MATCHED,EXACT_CONFIRMED,False,2024-05-24 14:17:31.883000+00:00,2024-05-24 14:30:00.494000+00:00,False,157.057,157.061,156.912,156.928,15.999999999999659,5.100000000001614,3.1372549019597242,False,True,DOWN,156.931,157.008,156.928,157.003,False,True,156.9865,2583,1336
2024H1|D_SHOCK_FAILURE|2024-05-28T01:15:00+00:00|-1,DUKASCOPY_RAW_MATCHED,EXACT_CONFIRMED,False,2024-05-28 01:09:39.825000+00:00,2024-05-28 01:15:00.169000+00:00,False,156.799,156.898,156.795,156.895,10.300000000000864,3.8999999999987267,2.641025641026725,True,False,UP,156.896,156.928,156.821,156.842,True,False,156.8465,1024,901
2024H1|D_SHOCK_FAILURE|2024-05-30T07:30:00+00:00|1,DUKASCOPY_RAW_MATCHED,EXACT_CONFIRMED,False,2024-05-30 07:17:29.212000+00:00,2024-05-30 07:30:00.334000+00:00,False,156.739,156.745,156.534,156.558,21.100000000001273,5.949999999999989,3.546218487395179,False,True,DOWN,156.557,156.822,156.552,156.812,False,True,156.6395,2051,2112
2024H1|D_SHOCK_FAILURE|2024-06-12T18:45:00+00:00|1,DUKASCOPY_RAW_MATCHED,EXACT_CONFIRMED,False,2024-06-12 18:32:26.179000+00:00,2024-06-12 18:45:00.114000+00:00,False,156.385,156.417,156.184,156.184,23.30000000000041,5.849999999999511,3.9829059829063858,False,True,DOWN,156.183,156.432,156.112,156.426,False,True,156.3005,3821,5464
2024H1|D_SHOCK_FAILURE|2024-06-18T13:45:00+00:00|-1,DUKASCOPY_RAW_MATCHED,EXACT_CONFIRMED,False,2024-06-18 13:30:23.954000+00:00,2024-06-18 13:45:00.122000+00:00,False,157.76,157.887,157.744,157.859,14.300000000000068,5.449999999999022,2.6238532110096577,True,False,UP,157.855,157.894,157.765,157.797,True,False,157.8155,1361,2827
2024H1|D_SHOCK_FAILURE|2024-06-21T01:15:00+00:00|-1,DUKASCOPY_RAW_MATCHED,EXACT_CONFIRMED,False,2024-06-21 01:10:47.134000+00:00,2024-06-21 01:15:00.334000+00:00,False,158.963,159.125,158.933,159.104,19.200000000000728,5.150000000001853,3.728155339804625,True,False,UP,159.104,159.113,159.012,159.014,True,False,159.029,1913,1534
2024H2|D_SHOCK_FAILURE|2024-07-02T14:00:00+00:00|1,DUKASCOPY_RAW_MATCHED,EXACT_CONFIRMED,False,2024-07-02 13:48:39.345000+00:00,2024-07-02 14:00:00.110000+00:00,False,161.47,161.479,161.266,161.284,21.30000000000223,5.60000000000116,3.803571428571039,False,True,DOWN,161.284,161.411,161.274,161.377,False,True,161.3725,2680,2247
2024H2|D_SHOCK_FAILURE|2024-07-05T12:45:00+00:00|1,DUKASCOPY_RAW_MATCHED,EXACT_CONFIRMED,False,2024-07-05 12:30:01.553000+00:00,2024-07-05 12:45:00.111000+00:00,False,160.785,160.809,160.574,160.574,23.499999999998522,6.6999999999993065,3.5074626865673064,False,True,DOWN,160.574,161.159,160.33,160.826,False,True,160.69150000000002,1856,7825
2024H2|D_SHOCK_FAILURE|2024-07-11T23:30:00+00:00|-1,DUKASCOPY_RAW_MATCHED,EXACT_CONFIRMED,False,2024-07-11 23:28:06.086000+00:00,2024-07-11 23:30:00.030000+00:00,False,159.261,159.393,159.236,159.375,15.700000000001069,6.249999999998579,2.512000000000742,True,False,UP,159.378,159.445,157.747,158.01,True,False,159.3145,986,2684
2024H2|D_SHOCK_FAILURE|2024-07-18T00:00:00+00:00|1,DUKASCOPY_RAW_MATCHED,EXACT_CONFIRMED,False,2024-07-17 23:50:03.331000+00:00,2024-07-18 00:00:00.107000+00:00,False,155.684,155.746,155.37,155.413,37.60000000000048,13.54999999999933,2.7749077490776632,False,True,DOWN,155.419,155.711,155.419,155.675,False,True,155.558,3706,2579
2024H2|D_SHOCK_FAILURE|2024-07-25T14:30:00+00:00|1,DUKASCOPY_RAW_MATCHED,EXACT_CONFIRMED,False,2024-07-25 14:20:24.592000+00:00,2024-07-25 14:30:00.140000+00:00,False,153.656,153.739,153.228,153.253,51.09999999999957,20.199999999999818,2.529702970297031,False,True,DOWN,153.257,153.55,153.257,153.513,False,True,153.4835,4574,3391
2024H2|D_SHOCK_FAILURE|2024-08-02T13:30:00+00:00|-1,DUKASCOPY_RAW_MATCHED,EXACT_CONFIRMED,False,2024-08-02 13:24:40.657000+00:00,2024-08-02 13:30:00.051000+00:00,False,147.443,147.969,147.443,147.912,52.899999999999636,18.250000000000455,2.8986301369862093,True,False,UP,147.915,148.16,147.582,147.66,True,False,147.70600000000002,7596,6840
2024H2|D_SHOCK_FAILURE|2024-08-30T14:30:00+00:00|1,DUKASCOPY_RAW_MATCHED,EXACT_CONFIRMED,False,2024-08-30 14:18:26.325000+00:00,2024-08-30 14:30:00.097000+00:00,False,145.588,145.613,145.313,145.336,30.000000000001137,9.549999999998704,3.141361256545048,False,True,DOWN,145.336,145.607,145.322,145.595,False,True,145.463,3810,3137
2024H2|D_SHOCK_FAILURE|2024-09-05T15:00:00+00:00|-1,DUKASCOPY_RAW_MATCHED,EXACT_CONFIRMED,False,2024-09-05 14:50:41.360000+00:00,2024-09-05 15:00:00.094000+00:00,False,143.787,144.228,143.776,144.189,45.19999999999982,13.299999999999557,3.3984962406016033,True,False,UP,144.19,144.198,143.911,143.916,True,False,144.002,4921,4536
2024H2|D_SHOCK_FAILURE|2024-09-06T14:00:00+00:00|-1,DUKASCOPY_RAW_MATCHED,EXACT_CONFIRMED,False,2024-09-06 13:59:49.537000+00:00,2024-09-06 14:00:00.090000+00:00,False,143.29,143.852,143.263,143.746,58.899999999999864,12.300000000000466,4.7886178861786695,True,False,UP,143.746,143.898,143.52,143.52,True,False,143.5575,6641,5202
2024H2|D_SHOCK_FAILURE|2024-09-12T01:30:00+00:00|1,DUKASCOPY_RAW_MATCHED,EXACT_CONFIRMED,False,2024-09-12 01:22:18.448000+00:00,2024-09-12 01:30:00.015000+00:00,False,142.685,142.706,142.256,142.258,44.99999999999886,16.549999999999443,2.7190332326284214,False,True,DOWN,142.258,142.573,142.258,142.565,False,True,142.481,4457,3185
2024H2|D_SHOCK_FAILURE|2024-09-13T08:30:00+00:00|1,DUKASCOPY_RAW_MATCHED,EXACT_CONFIRMED,False,2024-09-13 08:25:04.133000+00:00,2024-09-13 08:30:00.091000+00:00,False,140.914,140.968,140.518,140.528,44.99999999999886,15.800000000000125,2.8481012658226903,False,True,DOWN,140.528,140.874,140.407,140.874,False,True,140.743,4039,4715
2024H2|D_SHOCK_FAILURE|2024-09-26T14:45:00+00:00|-1,DUKASCOPY_RAW_MATCHED,EXACT_CONFIRMED,False,2024-09-26 14:44:59.872000+00:00,2024-09-26 14:45:00.235000+00:00,False,144.79,145.071,144.711,145.043,35.99999999999852,12.949999999999307,2.779922779922815,True,False,UP,145.044,145.212,144.885,144.885,True,False,144.89100000000002,3515,3633
2024H2|D_SHOCK_FAILURE|2024-09-27T05:45:00+00:00|-1,DUKASCOPY_RAW_MATCHED,EXACT_CONFIRMED,False,2024-09-27 05:31:33.540000+00:00,2024-09-27 05:45:00.201000+00:00,False,146.182,146.491,146.117,146.441,37.400000000002365,14.799999999999613,2.527027027027253,True,False,UP,146.442,146.477,146.252,146.277,True,False,146.304,4237,3566
2024H2|D_SHOCK_FAILURE|2024-10-07T13:30:00+00:00|1,DUKASCOPY_RAW_MATCHED,EXACT_CONFIRMED,False,2024-10-07 13:21:26.567000+00:00,2024-10-07 13:30:00.077000+00:00,False,148.168,148.235,147.868,147.898,36.700000000001864,13.55000000000075,2.7084870848708364,False,True,DOWN,147.899,148.099,147.886,148.068,False,True,148.0515,4380,3541
2024H2|D_SHOCK_FAILURE|2024-10-10T15:00:00+00:00|-1,DUKASCOPY_RAW_MATCHED,EXACT_CONFIRMED,False,2024-10-10 14:53:34.156000+00:00,2024-10-10 15:00:00.098000+00:00,False,148.652,148.875,148.582,148.856,29.300000000000637,9.499999999999886,3.084210526315893,True,False,UP,148.857,148.878,148.7,148.713,True,False,148.7285,3468,3824
2024H2|D_SHOCK_FAILURE|2024-10-15T08:30:00+00:00|1,DUKASCOPY_RAW_MATCHED,EXACT_CONFIRMED,False,2024-10-15 08:29:08.920000+00:00,2024-10-15 08:30:00.115000+00:00,False,149.235,149.244,149.043,149.065,20.09999999999934,7.4500000000000455,2.697986577181103,False,True,DOWN,149.064,149.167,149.036,149.164,False,True,149.14350000000002,1896,1543
2024H2|D_SHOCK_FAILURE|2024-10-15T15:00:00+00:00|1,DUKASCOPY_RAW_MATCHED,EXACT_CONFIRMED,False,2024-10-15 14:51:00.089000+00:00,2024-10-15 15:00:00.090000+00:00,False,149.196,149.196,148.933,148.981,26.400000000001,8.650000000000091,3.052023121387367,False,True,DOWN,148.981,149.232,148.963,149.229,False,True,149.0645,3533,2962
2024H2|D_SHOCK_FAILURE|2024-10-31T07:15:00+00:00|1,DUKASCOPY_RAW_MATCHED,EXACT_CONFIRMED,False,2024-10-31 07:10:33.118000+00:00,2024-10-31 07:15:00.093000+00:00,False,152.632,152.658,152.052,152.173,60.599999999999454,10.949999999999704,5.534246575342565,False,True,DOWN,152.177,152.373,152.05,152.364,False,True,152.355,4394,3346
2024H2|D_SHOCK_FAILURE|2024-10-31T14:15:00+00:00|-1,DUKASCOPY_RAW_MATCHED,EXACT_CONFIRMED,False,2024-10-31 14:13:01.004000+00:00,2024-10-31 14:15:00.003000+00:00,False,152.755,152.987,152.664,152.965,32.30000000000075,11.849999999999739,2.725738396624596,True,False,UP,152.966,153.048,152.757,152.771,True,False,152.82549999999998,3684,3797
2024H2|D_SHOCK_FAILURE|2024-11-06T00:15:00+00:00|1,DUKASCOPY_RAW_MATCHED,EXACT_CONFIRMED,False,2024-11-06 00:08:59.511000+00:00,2024-11-06 00:15:00.171000+00:00,False,151.693,151.712,151.4,151.44,31.19999999999834,9.600000000000364,3.249999999999704,False,True,DOWN,151.439,151.852,151.283,151.84,False,True,151.55599999999998,3450,5225
2024H2|D_SHOCK_FAILURE|2024-11-06T07:45:00+00:00|1,DUKASCOPY_RAW_MATCHED,EXACT_CONFIRMED,False,2024-11-06 07:33:34.908000+00:00,2024-11-06 07:45:00.087000+00:00,False,153.988,154.036,153.69,153.747,34.600000000000364,13.300000000000978,2.6015037593983323,False,True,DOWN,153.745,154.02,153.74,153.953,False,True,153.863,5906,6715
2024H2|D_SHOCK_FAILURE|2024-11-21T07:30:00+00:00|-1,DUKASCOPY_RAW_MATCHED,EXACT_CONFIRMED,False,2024-11-21 07:26:35.077000+00:00,2024-11-21 07:30:00.015000+00:00,False,154.76,155.042,154.739,155.027,30.299999999999727,11.04999999999876,2.742081447964084,True,False,UP,155.027,155.036,154.606,154.675,True,False,154.8905,3110,4150
2024H2|D_SHOCK_FAILURE|2024-12-02T00:30:00+00:00|-1,DUKASCOPY_RAW_MATCHED,EXACT_CONFIRMED,False,2024-12-02 00:27:55.261000+00:00,2024-12-02 00:30:00.489000+00:00,False,149.865,150.288,149.802,150.222,48.60000000000184,15.649999999999409,3.105431309904388,True,False,UP,150.221,150.221,149.986,150.031,True,False,150.04500000000002,2342,2870
2024H2|D_SHOCK_FAILURE|2024-12-11T14:15:00+00:00|-1,DUKASCOPY_RAW_MATCHED,EXACT_CONFIRMED,False,2024-12-11 14:07:01.560000+00:00,2024-12-11 14:15:00.019000+00:00,False,152.082,152.332,152.051,152.293,28.10000000000059,9.450000000001069,2.9735449735447,True,False,UP,152.292,152.329,152.163,152.187,True,False,152.1915,4999,4012
2024H2|D_SHOCK_FAILURE|2024-12-18T19:45:00+00:00|1,DUKASCOPY_RAW_MATCHED,EXACT_CONFIRMED,False,2024-12-18 19:30:31.747000+00:00,2024-12-18 19:45:00.100000+00:00,False,154.57,154.593,154.272,154.332,32.099999999999795,8.449999999999136,3.7988165680477013,False,True,DOWN,154.337,154.609,154.328,154.561,False,True,154.4325,4557,5161
2024H2|D_SHOCK_FAILURE|2024-12-27T01:15:00+00:00|-1,DUKASCOPY_RAW_MATCHED,EXACT_CONFIRMED,False,2024-12-27 01:07:08.476000+00:00,2024-12-27 01:15:00.090000+00:00,False,157.699,157.948,157.663,157.911,28.49999999999966,6.1499999999995225,4.634146341463719,True,False,UP,157.911,157.947,157.775,157.797,True,False,157.8055,2975,1919
2024H2|D_SHOCK_FAILURE|2024-12-30T06:30:00+00:00|-1,DUKASCOPY_RAW_MATCHED,EXACT_CONFIRMED,False,2024-12-30 06:22:30.590000+00:00,2024-12-30 06:30:00.178000+00:00,False,157.858,158.071,157.831,158.026,24.00000000000091,7.699999999999818,3.1168831168833084,True,False,UP,158.028,158.03,157.886,157.909,True,False,157.951,1797,1507
2024H2|D_SHOCK_FAILURE|2024-12-30T15:45:00+00:00|1,DUKASCOPY_RAW_MATCHED,EXACT_CONFIRMED,False,2024-12-30 15:34:56.828000+00:00,2024-12-30 15:45:00.146000+00:00,False,156.945,156.945,156.72,156.761,22.59999999999991,7.250000000000512,3.117241379310112,False,True,DOWN,156.76,157.163,156.669,157.136,False,True,156.83249999999998,4079,4061
