signal_utc,canonical_side,opportunity_id,raw_side,event_id,schedule_class
2023-01-02 11:00:00+00:00,,,1.0,RAW|2023-01-02|2023-01-02T11:00:00Z|1,raw_only
2023-01-03 08:30:00+00:00,-1.0,2023H1|F_ASIAN_RANGE_SWEEP|2023-01-03T08:45:00+00:00|-1,-1.0,RAW|2023-01-03|2023-01-03T08:30:00Z|-1,common_intersection
2023-01-04 12:00:00+00:00,1.0,2023H1|F_ASIAN_RANGE_SWEEP|2023-01-04T12:15:00+00:00|1,1.0,RAW|2023-01-04|2023-01-04T12:00:00Z|1,common_intersection
2023-01-05 08:45:00+00:00,-1.0,2023H1|F_ASIAN_RANGE_SWEEP|2023-01-05T09:00:00+00:00|-1,-1.0,RAW|2023-01-05|2023-01-05T08:45:00Z|-1,common_intersection
2023-01-06 08:00:00+00:00,-1.0,2023H1|F_ASIAN_RANGE_SWEEP|2023-01-06T08:15:00+00:00|-1,-1.0,RAW|2023-01-06|2023-01-06T08:00:00Z|-1,common_intersection
2023-01-06 13:45:00+00:00,1.0,2023H1|F_ASIAN_RANGE_SWEEP|2023-01-06T14:00:00+00:00|1,1.0,RAW|2023-01-06|2023-01-06T13:45:00Z|1,common_intersection
2023-01-09 08:30:00+00:00,-1.0,2023H1|F_ASIAN_RANGE_SWEEP|2023-01-09T08:45:00+00:00|-1,-1.0,RAW|2023-01-09|2023-01-09T08:30:00Z|-1,common_intersection
2023-01-10 07:15:00+00:00,-1.0,2023H1|F_ASIAN_RANGE_SWEEP|2023-01-10T07:30:00+00:00|-1,-1.0,RAW|2023-01-10|2023-01-10T07:15:00Z|-1,common_intersection
2023-01-11 08:30:00+00:00,-1.0,2023H1|F_ASIAN_RANGE_SWEEP|2023-01-11T08:45:00+00:00|-1,-1.0,RAW|2023-01-11|2023-01-11T08:30:00Z|-1,common_intersection
2023-01-13 09:15:00+00:00,1.0,2023H1|F_ASIAN_RANGE_SWEEP|2023-01-13T09:30:00+00:00|1,1.0,RAW|2023-01-13|2023-01-13T09:15:00Z|1,common_intersection
2023-01-16 11:15:00+00:00,-1.0,2023H1|F_ASIAN_RANGE_SWEEP|2023-01-16T11:30:00+00:00|-1,-1.0,RAW|2023-01-16|2023-01-16T11:15:00Z|-1,common_intersection
2023-01-17 14:15:00+00:00,1.0,2023H1|F_ASIAN_RANGE_SWEEP|2023-01-17T14:30:00+00:00|1,1.0,RAW|2023-01-17|2023-01-17T14:15:00Z|1,common_intersection
2023-01-18 13:30:00+00:00,1.0,2023H1|F_ASIAN_RANGE_SWEEP|2023-01-18T13:45:00+00:00|1,1.0,RAW|2023-01-18|2023-01-18T13:30:00Z|1,common_intersection
2023-01-19 11:30:00+00:00,-1.0,2023H1|F_ASIAN_RANGE_SWEEP|2023-01-19T11:45:00+00:00|-1,,,canonical_only
2023-01-19 11:45:00+00:00,,,-1.0,RAW|2023-01-19|2023-01-19T11:45:00Z|-1,raw_only
2023-01-23 07:30:00+00:00,-1.0,2023H1|F_ASIAN_RANGE_SWEEP|2023-01-23T07:45:00+00:00|-1,-1.0,RAW|2023-01-23|2023-01-23T07:30:00Z|-1,common_intersection
2023-01-24 07:00:00+00:00,1.0,2023H1|F_ASIAN_RANGE_SWEEP|2023-01-24T07:15:00+00:00|1,1.0,RAW|2023-01-24|2023-01-24T07:00:00Z|1,common_intersection
2023-01-24 15:00:00+00:00,-1.0,2023H1|F_ASIAN_RANGE_SWEEP|2023-01-24T15:15:00+00:00|-1,-1.0,RAW|2023-01-24|2023-01-24T15:00:00Z|-1,common_intersection
2023-01-25 09:00:00+00:00,1.0,2023H1|F_ASIAN_RANGE_SWEEP|2023-01-25T09:15:00+00:00|1,1.0,RAW|2023-01-25|2023-01-25T09:00:00Z|1,common_intersection
2023-01-26 07:45:00+00:00,-1.0,2023H1|F_ASIAN_RANGE_SWEEP|2023-01-26T08:00:00+00:00|-1,-1.0,RAW|2023-01-26|2023-01-26T07:45:00Z|-1,common_intersection
2023-01-27 07:00:00+00:00,-1.0,2023H1|F_ASIAN_RANGE_SWEEP|2023-01-27T07:15:00+00:00|-1,-1.0,RAW|2023-01-27|2023-01-27T07:00:00Z|-1,common_intersection
2023-01-30 14:15:00+00:00,-1.0,2023H1|F_ASIAN_RANGE_SWEEP|2023-01-30T14:30:00+00:00|-1,-1.0,RAW|2023-01-30|2023-01-30T14:15:00Z|-1,common_intersection
2023-01-31 07:45:00+00:00,1.0,2023H1|F_ASIAN_RANGE_SWEEP|2023-01-31T08:00:00+00:00|1,1.0,RAW|2023-01-31|2023-01-31T07:45:00Z|1,common_intersection
2023-02-01 07:45:00+00:00,-1.0,2023H1|F_ASIAN_RANGE_SWEEP|2023-02-01T08:00:00+00:00|-1,-1.0,RAW|2023-02-01|2023-02-01T07:45:00Z|-1,common_intersection
2023-02-02 08:30:00+00:00,-1.0,2023H1|F_ASIAN_RANGE_SWEEP|2023-02-02T08:45:00+00:00|-1,-1.0,RAW|2023-02-02|2023-02-02T08:30:00Z|-1,common_intersection
2023-02-02 13:30:00+00:00,1.0,2023H1|F_ASIAN_RANGE_SWEEP|2023-02-02T13:45:00+00:00|1,1.0,RAW|2023-02-02|2023-02-02T13:30:00Z|1,common_intersection
2023-02-03 10:45:00+00:00,1.0,2023H1|F_ASIAN_RANGE_SWEEP|2023-02-03T11:00:00+00:00|1,1.0,RAW|2023-02-03|2023-02-03T10:45:00Z|1,common_intersection
2023-02-07 07:00:00+00:00,1.0,2023H1|F_ASIAN_RANGE_SWEEP|2023-02-07T07:15:00+00:00|1,1.0,RAW|2023-02-07|2023-02-07T07:00:00Z|1,common_intersection
2023-02-08 09:15:00+00:00,1.0,2023H1|F_ASIAN_RANGE_SWEEP|2023-02-08T09:30:00+00:00|1,1.0,RAW|2023-02-08|2023-02-08T09:15:00Z|1,common_intersection
2023-02-08 14:30:00+00:00,-1.0,2023H1|F_ASIAN_RANGE_SWEEP|2023-02-08T14:45:00+00:00|-1,-1.0,RAW|2023-02-08|2023-02-08T14:30:00Z|-1,common_intersection
2023-02-09 10:15:00+00:00,1.0,2023H1|F_ASIAN_RANGE_SWEEP|2023-02-09T10:30:00+00:00|1,1.0,RAW|2023-02-09|2023-02-09T10:15:00Z|1,common_intersection
2023-02-10 16:15:00+00:00,1.0,2023H1|F_ASIAN_RANGE_SWEEP|2023-02-10T16:30:00+00:00|1,1.0,RAW|2023-02-10|2023-02-10T16:15:00Z|1,common_intersection
2023-02-14 13:30:00+00:00,-1.0,2023H1|F_ASIAN_RANGE_SWEEP|2023-02-14T13:45:00+00:00|-1,,,canonical_only
2023-02-14 13:45:00+00:00,,,-1.0,RAW|2023-02-14|2023-02-14T13:45:00Z|-1,raw_only
2023-02-15 07:00:00+00:00,-1.0,2023H1|F_ASIAN_RANGE_SWEEP|2023-02-15T07:15:00+00:00|-1,-1.0,RAW|2023-02-15|2023-02-15T07:00:00Z|-1,common_intersection
2023-02-16 08:15:00+00:00,1.0,2023H1|F_ASIAN_RANGE_SWEEP|2023-02-16T08:30:00+00:00|1,1.0,RAW|2023-02-16|2023-02-16T08:15:00Z|1,common_intersection
2023-02-16 13:30:00+00:00,-1.0,2023H1|F_ASIAN_RANGE_SWEEP|2023-02-16T13:45:00+00:00|-1,-1.0,RAW|2023-02-16|2023-02-16T13:30:00Z|-1,common_intersection
2023-02-17 07:15:00+00:00,-1.0,2023H1|F_ASIAN_RANGE_SWEEP|2023-02-17T07:30:00+00:00|-1,-1.0,RAW|2023-02-17|2023-02-17T07:15:00Z|-1,common_intersection
2023-02-20 13:30:00+00:00,1.0,2023H1|F_ASIAN_RANGE_SWEEP|2023-02-20T13:45:00+00:00|1,1.0,RAW|2023-02-20|2023-02-20T13:30:00Z|1,common_intersection
2023-02-22 12:15:00+00:00,1.0,2023H1|F_ASIAN_RANGE_SWEEP|2023-02-22T12:30:00+00:00|1,,,canonical_only
2023-02-22 13:15:00+00:00,,,1.0,RAW|2023-02-22|2023-02-22T13:15:00Z|1,raw_only
2023-02-23 11:30:00+00:00,,,-1.0,RAW|2023-02-23|2023-02-23T11:30:00Z|-1,raw_only
2023-02-23 11:45:00+00:00,-1.0,2023H1|F_ASIAN_RANGE_SWEEP|2023-02-23T12:00:00+00:00|-1,,,canonical_only
2023-02-23 15:15:00+00:00,1.0,2023H1|F_ASIAN_RANGE_SWEEP|2023-02-23T15:30:00+00:00|1,1.0,RAW|2023-02-23|2023-02-23T15:15:00Z|1,common_intersection
2023-02-24 08:00:00+00:00,-1.0,2023H1|F_ASIAN_RANGE_SWEEP|2023-02-24T08:15:00+00:00|-1,-1.0,RAW|2023-02-24|2023-02-24T08:00:00Z|-1,common_intersection
2023-02-27 08:00:00+00:00,,,1.0,RAW|2023-02-27|2023-02-27T08:00:00Z|1,raw_only
2023-02-27 13:30:00+00:00,1.0,2023H1|F_ASIAN_RANGE_SWEEP|2023-02-27T13:45:00+00:00|1,,,canonical_only
2023-02-28 15:00:00+00:00,-1.0,2023H1|F_ASIAN_RANGE_SWEEP|2023-02-28T15:15:00+00:00|-1,,,canonical_only
2023-02-28 15:15:00+00:00,,,-1.0,RAW|2023-02-28|2023-02-28T15:15:00Z|-1,raw_only
2023-02-28 19:45:00+00:00,,,1.0,RAW|2023-02-28|2023-02-28T19:45:00Z|1,raw_only
2023-03-01 15:00:00+00:00,1.0,2023H1|F_ASIAN_RANGE_SWEEP|2023-03-01T15:15:00+00:00|1,1.0,RAW|2023-03-01|2023-03-01T15:00:00Z|1,common_intersection
2023-03-02 08:00:00+00:00,-1.0,2023H1|F_ASIAN_RANGE_SWEEP|2023-03-02T08:15:00+00:00|-1,-1.0,RAW|2023-03-02|2023-03-02T08:00:00Z|-1,common_intersection
2023-03-03 08:45:00+00:00,1.0,2023H1|F_ASIAN_RANGE_SWEEP|2023-03-03T09:00:00+00:00|1,1.0,RAW|2023-03-03|2023-03-03T08:45:00Z|1,common_intersection
2023-03-06 10:00:00+00:00,-1.0,2023H1|F_ASIAN_RANGE_SWEEP|2023-03-06T10:15:00+00:00|-1,-1.0,RAW|2023-03-06|2023-03-06T10:00:00Z|-1,common_intersection
2023-03-07 09:45:00+00:00,1.0,2023H1|F_ASIAN_RANGE_SWEEP|2023-03-07T10:00:00+00:00|1,1.0,RAW|2023-03-07|2023-03-07T09:45:00Z|1,common_intersection
2023-03-07 13:15:00+00:00,-1.0,2023H1|F_ASIAN_RANGE_SWEEP|2023-03-07T13:30:00+00:00|-1,-1.0,RAW|2023-03-07|2023-03-07T13:15:00Z|-1,common_intersection
2023-03-08 11:45:00+00:00,1.0,2023H1|F_ASIAN_RANGE_SWEEP|2023-03-08T12:00:00+00:00|1,1.0,RAW|2023-03-08|2023-03-08T11:45:00Z|1,common_intersection
2023-03-09 07:15:00+00:00,1.0,2023H1|F_ASIAN_RANGE_SWEEP|2023-03-09T07:30:00+00:00|1,1.0,RAW|2023-03-09|2023-03-09T07:15:00Z|1,common_intersection
2023-03-10 10:15:00+00:00,-1.0,2023H1|F_ASIAN_RANGE_SWEEP|2023-03-10T10:30:00+00:00|-1,-1.0,RAW|2023-03-10|2023-03-10T10:15:00Z|-1,common_intersection
2023-03-13 10:00:00+00:00,1.0,2023H1|F_ASIAN_RANGE_SWEEP|2023-03-13T10:15:00+00:00|1,,,canonical_only
2023-03-13 11:00:00+00:00,,,1.0,RAW|2023-03-13|2023-03-13T11:00:00Z|1,raw_only
2023-03-14 09:45:00+00:00,-1.0,2023H1|F_ASIAN_RANGE_SWEEP|2023-03-14T10:00:00+00:00|-1,,,canonical_only
2023-03-14 10:45:00+00:00,,,-1.0,RAW|2023-03-14|2023-03-14T10:45:00Z|-1,raw_only
2023-03-15 07:15:00+00:00,-1.0,2023H1|F_ASIAN_RANGE_SWEEP|2023-03-15T07:30:00+00:00|-1,,,canonical_only
2023-03-15 08:45:00+00:00,,,-1.0,RAW|2023-03-15|2023-03-15T08:45:00Z|-1,raw_only
2023-03-16 13:45:00+00:00,1.0,2023H1|F_ASIAN_RANGE_SWEEP|2023-03-16T14:00:00+00:00|1,,,canonical_only
2023-03-16 14:45:00+00:00,,,1.0,RAW|2023-03-16|2023-03-16T14:45:00Z|1,raw_only
2023-03-16 18:00:00+00:00,-1.0,2023H1|F_ASIAN_RANGE_SWEEP|2023-03-16T18:15:00+00:00|-1,,,canonical_only
2023-03-16 19:00:00+00:00,,,-1.0,RAW|2023-03-16|2023-03-16T19:00:00Z|-1,raw_only
2023-03-17 07:00:00+00:00,,,1.0,RAW|2023-03-17|2023-03-17T07:00:00Z|1,raw_only
2023-03-20 07:00:00+00:00,1.0,2023H1|F_ASIAN_RANGE_SWEEP|2023-03-20T07:15:00+00:00|1,1.0,RAW|2023-03-20|2023-03-20T07:00:00Z|1,common_intersection
2023-03-21 07:00:00+00:00,,,-1.0,RAW|2023-03-21|2023-03-21T07:00:00Z|-1,raw_only
2023-03-21 13:30:00+00:00,-1.0,2023H1|F_ASIAN_RANGE_SWEEP|2023-03-21T13:45:00+00:00|-1,,,canonical_only
2023-03-22 12:00:00+00:00,-1.0,2023H1|F_ASIAN_RANGE_SWEEP|2023-03-22T12:15:00+00:00|-1,,,canonical_only
2023-03-22 13:00:00+00:00,,,-1.0,RAW|2023-03-22|2023-03-22T13:00:00Z|-1,raw_only
2023-03-23 08:45:00+00:00,,,-1.0,RAW|2023-03-23|2023-03-23T08:45:00Z|-1,raw_only
2023-03-23 14:30:00+00:00,-1.0,2023H1|F_ASIAN_RANGE_SWEEP|2023-03-23T14:45:00+00:00|-1,,,canonical_only
2023-03-23 18:00:00+00:00,1.0,2023H1|F_ASIAN_RANGE_SWEEP|2023-03-23T18:15:00+00:00|1,,,canonical_only
2023-03-23 19:00:00+00:00,,,1.0,RAW|2023-03-23|2023-03-23T19:00:00Z|1,raw_only
2023-03-24 07:15:00+00:00,1.0,2023H1|F_ASIAN_RANGE_SWEEP|2023-03-24T07:30:00+00:00|1,,,canonical_only
2023-03-24 08:15:00+00:00,,,1.0,RAW|2023-03-24|2023-03-24T08:15:00Z|1,raw_only
2023-03-24 13:00:00+00:00,-1.0,2023H1|F_ASIAN_RANGE_SWEEP|2023-03-24T13:15:00+00:00|-1,,,canonical_only
2023-03-27 07:00:00+00:00,-1.0,2023H1|F_ASIAN_RANGE_SWEEP|2023-03-27T07:15:00+00:00|-1,-1.0,RAW|2023-03-27|2023-03-27T07:00:00Z|-1,common_intersection
2023-03-28 07:45:00+00:00,-1.0,2023H1|F_ASIAN_RANGE_SWEEP|2023-03-28T08:00:00+00:00|-1,-1.0,RAW|2023-03-28|2023-03-28T07:45:00Z|-1,common_intersection
2023-03-28 12:30:00+00:00,1.0,2023H1|F_ASIAN_RANGE_SWEEP|2023-03-28T12:45:00+00:00|1,1.0,RAW|2023-03-28|2023-03-28T12:30:00Z|1,common_intersection
2023-03-29 07:00:00+00:00,-1.0,2023H1|F_ASIAN_RANGE_SWEEP|2023-03-29T07:15:00+00:00|-1,-1.0,RAW|2023-03-29|2023-03-29T07:00:00Z|-1,common_intersection
2023-03-30 07:00:00+00:00,1.0,2023H1|F_ASIAN_RANGE_SWEEP|2023-03-30T07:15:00+00:00|1,1.0,RAW|2023-03-30|2023-03-30T07:00:00Z|1,common_intersection
2023-03-30 12:45:00+00:00,-1.0,2023H1|F_ASIAN_RANGE_SWEEP|2023-03-30T13:00:00+00:00|-1,-1.0,RAW|2023-03-30|2023-03-30T12:45:00Z|-1,common_intersection
2023-03-31 08:45:00+00:00,-1.0,2023H1|F_ASIAN_RANGE_SWEEP|2023-03-31T09:00:00+00:00|-1,-1.0,RAW|2023-03-31|2023-03-31T08:45:00Z|-1,common_intersection
2023-03-31 19:00:00+00:00,1.0,2023H1|F_ASIAN_RANGE_SWEEP|2023-03-31T19:15:00+00:00|1,,,canonical_only
2023-04-03 13:45:00+00:00,1.0,2023H1|F_ASIAN_RANGE_SWEEP|2023-04-03T14:00:00+00:00|1,1.0,RAW|2023-04-03|2023-04-03T13:45:00Z|1,common_intersection
2023-04-04 09:15:00+00:00,-1.0,2023H1|F_ASIAN_RANGE_SWEEP|2023-04-04T09:30:00+00:00|-1,-1.0,RAW|2023-04-04|2023-04-04T09:15:00Z|-1,common_intersection
2023-04-05 08:15:00+00:00,1.0,2023H1|F_ASIAN_RANGE_SWEEP|2023-04-05T08:30:00+00:00|1,1.0,RAW|2023-04-05|2023-04-05T08:15:00Z|1,common_intersection
2023-04-06 10:15:00+00:00,-1.0,2023H1|F_ASIAN_RANGE_SWEEP|2023-04-06T10:30:00+00:00|-1,-1.0,RAW|2023-04-06|2023-04-06T10:15:00Z|-1,common_intersection
2023-04-07 11:00:00+00:00,1.0,2023H1|F_ASIAN_RANGE_SWEEP|2023-04-07T11:15:00+00:00|1,1.0,RAW|2023-04-07|2023-04-07T11:00:00Z|1,common_intersection
2023-04-10 08:30:00+00:00,1.0,2023H1|F_ASIAN_RANGE_SWEEP|2023-04-10T08:45:00+00:00|1,1.0,RAW|2023-04-10|2023-04-10T08:30:00Z|1,common_intersection
2023-04-11 07:15:00+00:00,1.0,2023H1|F_ASIAN_RANGE_SWEEP|2023-04-11T07:30:00+00:00|1,1.0,RAW|2023-04-11|2023-04-11T07:15:00Z|1,common_intersection
2023-04-11 16:00:00+00:00,-1.0,2023H1|F_ASIAN_RANGE_SWEEP|2023-04-11T16:15:00+00:00|-1,-1.0,RAW|2023-04-11|2023-04-11T16:00:00Z|-1,common_intersection
2023-04-12 07:00:00+00:00,1.0,2023H1|F_ASIAN_RANGE_SWEEP|2023-04-12T07:15:00+00:00|1,1.0,RAW|2023-04-12|2023-04-12T07:00:00Z|1,common_intersection
2023-04-13 08:15:00+00:00,1.0,2023H1|F_ASIAN_RANGE_SWEEP|2023-04-13T08:30:00+00:00|1,1.0,RAW|2023-04-13|2023-04-13T08:15:00Z|1,common_intersection
2023-04-13 11:45:00+00:00,-1.0,2023H1|F_ASIAN_RANGE_SWEEP|2023-04-13T12:00:00+00:00|-1,,,canonical_only
2023-04-13 12:00:00+00:00,,,-1.0,RAW|2023-04-13|2023-04-13T12:00:00Z|-1,raw_only
2023-04-14 08:00:00+00:00,1.0,2023H1|F_ASIAN_RANGE_SWEEP|2023-04-14T08:15:00+00:00|1,1.0,RAW|2023-04-14|2023-04-14T08:00:00Z|1,common_intersection
2023-04-14 11:45:00+00:00,-1.0,2023H1|F_ASIAN_RANGE_SWEEP|2023-04-14T12:00:00+00:00|-1,-1.0,RAW|2023-04-14|2023-04-14T11:45:00Z|-1,common_intersection
2023-04-18 08:15:00+00:00,1.0,2023H1|F_ASIAN_RANGE_SWEEP|2023-04-18T08:30:00+00:00|1,1.0,RAW|2023-04-18|2023-04-18T08:15:00Z|1,common_intersection
2023-04-19 07:45:00+00:00,-1.0,2023H1|F_ASIAN_RANGE_SWEEP|2023-04-19T08:00:00+00:00|-1,-1.0,RAW|2023-04-19|2023-04-19T07:45:00Z|-1,common_intersection
2023-04-21 10:30:00+00:00,1.0,2023H1|F_ASIAN_RANGE_SWEEP|2023-04-21T10:45:00+00:00|1,1.0,RAW|2023-04-21|2023-04-21T10:30:00Z|1,common_intersection
2023-04-21 16:00:00+00:00,-1.0,2023H1|F_ASIAN_RANGE_SWEEP|2023-04-21T16:15:00+00:00|-1,-1.0,RAW|2023-04-21|2023-04-21T16:00:00Z|-1,common_intersection
2023-04-24 14:30:00+00:00,-1.0,2023H1|F_ASIAN_RANGE_SWEEP|2023-04-24T14:45:00+00:00|-1,-1.0,RAW|2023-04-24|2023-04-24T14:30:00Z|-1,common_intersection
2023-04-25 10:30:00+00:00,1.0,2023H1|F_ASIAN_RANGE_SWEEP|2023-04-25T10:45:00+00:00|1,1.0,RAW|2023-04-25|2023-04-25T10:30:00Z|1,common_intersection
2023-04-26 07:45:00+00:00,1.0,2023H1|F_ASIAN_RANGE_SWEEP|2023-04-26T08:00:00+00:00|1,1.0,RAW|2023-04-26|2023-04-26T07:45:00Z|1,common_intersection
2023-04-26 11:30:00+00:00,-1.0,2023H1|F_ASIAN_RANGE_SWEEP|2023-04-26T11:45:00+00:00|-1,,,canonical_only
2023-04-26 11:45:00+00:00,,,-1.0,RAW|2023-04-26|2023-04-26T11:45:00Z|-1,raw_only
2023-04-27 08:15:00+00:00,-1.0,2023H1|F_ASIAN_RANGE_SWEEP|2023-04-27T08:30:00+00:00|-1,-1.0,RAW|2023-04-27|2023-04-27T08:15:00Z|-1,common_intersection
2023-04-27 12:30:00+00:00,1.0,2023H1|F_ASIAN_RANGE_SWEEP|2023-04-27T12:45:00+00:00|1,1.0,RAW|2023-04-27|2023-04-27T12:30:00Z|1,common_intersection
2023-04-28 07:15:00+00:00,-1.0,2023H1|F_ASIAN_RANGE_SWEEP|2023-04-28T07:30:00+00:00|-1,-1.0,RAW|2023-04-28|2023-04-28T07:15:00Z|-1,common_intersection
2023-05-02 11:00:00+00:00,1.0,2023H1|F_ASIAN_RANGE_SWEEP|2023-05-02T11:15:00+00:00|1,1.0,RAW|2023-05-02|2023-05-02T11:00:00Z|1,common_intersection
2023-05-03 07:15:00+00:00,1.0,2023H1|F_ASIAN_RANGE_SWEEP|2023-05-03T07:30:00+00:00|1,1.0,RAW|2023-05-03|2023-05-03T07:15:00Z|1,common_intersection
2023-05-04 08:00:00+00:00,-1.0,2023H1|F_ASIAN_RANGE_SWEEP|2023-05-04T08:15:00+00:00|-1,-1.0,RAW|2023-05-04|2023-05-04T08:00:00Z|-1,common_intersection
2023-05-04 14:00:00+00:00,1.0,2023H1|F_ASIAN_RANGE_SWEEP|2023-05-04T14:15:00+00:00|1,1.0,RAW|2023-05-04|2023-05-04T14:00:00Z|1,common_intersection
2023-05-05 10:30:00+00:00,-1.0,2023H1|F_ASIAN_RANGE_SWEEP|2023-05-05T10:45:00+00:00|-1,-1.0,RAW|2023-05-05|2023-05-05T10:30:00Z|-1,common_intersection
2023-05-08 11:45:00+00:00,-1.0,2023H1|F_ASIAN_RANGE_SWEEP|2023-05-08T12:00:00+00:00|-1,-1.0,RAW|2023-05-08|2023-05-08T11:45:00Z|-1,common_intersection
2023-05-09 13:15:00+00:00,-1.0,2023H1|F_ASIAN_RANGE_SWEEP|2023-05-09T13:30:00+00:00|-1,-1.0,RAW|2023-05-09|2023-05-09T13:15:00Z|-1,common_intersection
2023-05-11 11:00:00+00:00,-1.0,2023H1|F_ASIAN_RANGE_SWEEP|2023-05-11T11:15:00+00:00|-1,-1.0,RAW|2023-05-11|2023-05-11T11:00:00Z|-1,common_intersection
2023-05-12 07:00:00+00:00,-1.0,2023H1|F_ASIAN_RANGE_SWEEP|2023-05-12T07:15:00+00:00|-1,-1.0,RAW|2023-05-12|2023-05-12T07:00:00Z|-1,common_intersection
2023-05-15 09:45:00+00:00,-1.0,2023H1|F_ASIAN_RANGE_SWEEP|2023-05-15T10:00:00+00:00|-1,-1.0,RAW|2023-05-15|2023-05-15T09:45:00Z|-1,common_intersection
2023-05-16 07:00:00+00:00,1.0,2023H1|F_ASIAN_RANGE_SWEEP|2023-05-16T07:15:00+00:00|1,1.0,RAW|2023-05-16|2023-05-16T07:00:00Z|1,common_intersection
2023-05-16 12:30:00+00:00,-1.0,2023H1|F_ASIAN_RANGE_SWEEP|2023-05-16T12:45:00+00:00|-1,,,canonical_only
2023-05-16 12:45:00+00:00,,,-1.0,RAW|2023-05-16|2023-05-16T12:45:00Z|-1,raw_only
2023-05-17 07:15:00+00:00,-1.0,2023H1|F_ASIAN_RANGE_SWEEP|2023-05-17T07:30:00+00:00|-1,-1.0,RAW|2023-05-17|2023-05-17T07:15:00Z|-1,common_intersection
2023-05-18 10:00:00+00:00,-1.0,2023H1|F_ASIAN_RANGE_SWEEP|2023-05-18T10:15:00+00:00|-1,-1.0,RAW|2023-05-18|2023-05-18T10:00:00Z|-1,common_intersection
2023-05-19 07:00:00+00:00,1.0,2023H1|F_ASIAN_RANGE_SWEEP|2023-05-19T07:15:00+00:00|1,1.0,RAW|2023-05-19|2023-05-19T07:00:00Z|1,common_intersection
2023-05-23 07:30:00+00:00,1.0,2023H1|F_ASIAN_RANGE_SWEEP|2023-05-23T07:45:00+00:00|1,1.0,RAW|2023-05-23|2023-05-23T07:30:00Z|1,common_intersection
2023-05-23 12:45:00+00:00,-1.0,2023H1|F_ASIAN_RANGE_SWEEP|2023-05-23T13:00:00+00:00|-1,-1.0,RAW|2023-05-23|2023-05-23T12:45:00Z|-1,common_intersection
2023-05-24 07:00:00+00:00,-1.0,2023H1|F_ASIAN_RANGE_SWEEP|2023-05-24T07:15:00+00:00|-1,-1.0,RAW|2023-05-24|2023-05-24T07:00:00Z|-1,common_intersection
2023-05-25 12:30:00+00:00,-1.0,2023H1|F_ASIAN_RANGE_SWEEP|2023-05-25T12:45:00+00:00|-1,,,canonical_only
2023-05-25 13:00:00+00:00,,,-1.0,RAW|2023-05-25|2023-05-25T13:00:00Z|-1,raw_only
2023-05-26 07:30:00+00:00,1.0,2023H1|F_ASIAN_RANGE_SWEEP|2023-05-26T07:45:00+00:00|1,1.0,RAW|2023-05-26|2023-05-26T07:30:00Z|1,common_intersection
2023-05-26 12:45:00+00:00,-1.0,2023H1|F_ASIAN_RANGE_SWEEP|2023-05-26T13:00:00+00:00|-1,-1.0,RAW|2023-05-26|2023-05-26T12:45:00Z|-1,common_intersection
2023-05-29 09:30:00+00:00,1.0,2023H1|F_ASIAN_RANGE_SWEEP|2023-05-29T09:45:00+00:00|1,1.0,RAW|2023-05-29|2023-05-29T09:30:00Z|1,common_intersection
2023-05-30 11:15:00+00:00,1.0,2023H1|F_ASIAN_RANGE_SWEEP|2023-05-30T11:30:00+00:00|1,1.0,RAW|2023-05-30|2023-05-30T11:15:00Z|1,common_intersection
2023-05-31 09:15:00+00:00,-1.0,2023H1|F_ASIAN_RANGE_SWEEP|2023-05-31T09:30:00+00:00|-1,-1.0,RAW|2023-05-31|2023-05-31T09:15:00Z|-1,common_intersection
2023-05-31 18:00:00+00:00,1.0,2023H1|F_ASIAN_RANGE_SWEEP|2023-05-31T18:15:00+00:00|1,1.0,RAW|2023-05-31|2023-05-31T18:00:00Z|1,common_intersection
2023-06-01 09:45:00+00:00,-1.0,2023H1|F_ASIAN_RANGE_SWEEP|2023-06-01T10:00:00+00:00|-1,-1.0,RAW|2023-06-01|2023-06-01T09:45:00Z|-1,common_intersection
2023-06-01 13:15:00+00:00,1.0,2023H1|F_ASIAN_RANGE_SWEEP|2023-06-01T13:30:00+00:00|1,1.0,RAW|2023-06-01|2023-06-01T13:15:00Z|1,common_intersection
2023-06-02 08:00:00+00:00,-1.0,2023H1|F_ASIAN_RANGE_SWEEP|2023-06-02T08:15:00+00:00|-1,-1.0,RAW|2023-06-02|2023-06-02T08:00:00Z|-1,common_intersection
2023-06-05 08:00:00+00:00,-1.0,2023H1|F_ASIAN_RANGE_SWEEP|2023-06-05T08:15:00+00:00|-1,-1.0,RAW|2023-06-05|2023-06-05T08:00:00Z|-1,common_intersection
2023-06-05 13:45:00+00:00,1.0,2023H1|F_ASIAN_RANGE_SWEEP|2023-06-05T14:00:00+00:00|1,1.0,RAW|2023-06-05|2023-06-05T13:45:00Z|1,common_intersection
2023-06-06 07:45:00+00:00,1.0,2023H1|F_ASIAN_RANGE_SWEEP|2023-06-06T08:00:00+00:00|1,1.0,RAW|2023-06-06|2023-06-06T07:45:00Z|1,common_intersection
2023-06-06 13:00:00+00:00,-1.0,2023H1|F_ASIAN_RANGE_SWEEP|2023-06-06T13:15:00+00:00|-1,-1.0,RAW|2023-06-06|2023-06-06T13:00:00Z|-1,common_intersection
2023-06-07 12:45:00+00:00,-1.0,2023H1|F_ASIAN_RANGE_SWEEP|2023-06-07T13:00:00+00:00|-1,-1.0,RAW|2023-06-07|2023-06-07T12:45:00Z|-1,common_intersection
2023-06-08 08:30:00+00:00,,,1.0,RAW|2023-06-08|2023-06-08T08:30:00Z|1,raw_only
2023-06-08 08:45:00+00:00,1.0,2023H1|F_ASIAN_RANGE_SWEEP|2023-06-08T09:00:00+00:00|1,,,canonical_only
2023-06-09 07:30:00+00:00,-1.0,2023H1|F_ASIAN_RANGE_SWEEP|2023-06-09T07:45:00+00:00|-1,-1.0,RAW|2023-06-09|2023-06-09T07:30:00Z|-1,common_intersection
2023-06-12 11:15:00+00:00,1.0,2023H1|F_ASIAN_RANGE_SWEEP|2023-06-12T11:30:00+00:00|1,1.0,RAW|2023-06-12|2023-06-12T11:15:00Z|1,common_intersection
2023-06-12 14:45:00+00:00,-1.0,2023H1|F_ASIAN_RANGE_SWEEP|2023-06-12T15:00:00+00:00|-1,-1.0,RAW|2023-06-12|2023-06-12T14:45:00Z|-1,common_intersection
2023-06-13 12:15:00+00:00,1.0,2023H1|F_ASIAN_RANGE_SWEEP|2023-06-13T12:30:00+00:00|1,1.0,RAW|2023-06-13|2023-06-13T12:15:00Z|1,common_intersection
2023-06-14 07:00:00+00:00,-1.0,2023H1|F_ASIAN_RANGE_SWEEP|2023-06-14T07:15:00+00:00|-1,-1.0,RAW|2023-06-14|2023-06-14T07:00:00Z|-1,common_intersection
2023-06-14 11:45:00+00:00,1.0,2023H1|F_ASIAN_RANGE_SWEEP|2023-06-14T12:00:00+00:00|1,1.0,RAW|2023-06-14|2023-06-14T11:45:00Z|1,common_intersection
2023-06-15 07:30:00+00:00,-1.0,2023H1|F_ASIAN_RANGE_SWEEP|2023-06-15T07:45:00+00:00|-1,-1.0,RAW|2023-06-15|2023-06-15T07:30:00Z|-1,common_intersection
2023-06-16 07:30:00+00:00,-1.0,2023H1|F_ASIAN_RANGE_SWEEP|2023-06-16T07:45:00+00:00|-1,-1.0,RAW|2023-06-16|2023-06-16T07:30:00Z|-1,common_intersection
2023-06-19 09:00:00+00:00,-1.0,2023H1|F_ASIAN_RANGE_SWEEP|2023-06-19T09:15:00+00:00|-1,-1.0,RAW|2023-06-19|2023-06-19T09:00:00Z|-1,common_intersection
2023-06-20 08:30:00+00:00,1.0,2023H1|F_ASIAN_RANGE_SWEEP|2023-06-20T08:45:00+00:00|1,1.0,RAW|2023-06-20|2023-06-20T08:30:00Z|1,common_intersection
2023-06-21 07:00:00+00:00,-1.0,2023H1|F_ASIAN_RANGE_SWEEP|2023-06-21T07:15:00+00:00|-1,-1.0,RAW|2023-06-21|2023-06-21T07:00:00Z|-1,common_intersection
2023-06-22 07:00:00+00:00,-1.0,2023H1|F_ASIAN_RANGE_SWEEP|2023-06-22T07:15:00+00:00|-1,-1.0,RAW|2023-06-22|2023-06-22T07:00:00Z|-1,common_intersection
2023-06-23 07:30:00+00:00,1.0,2023H1|F_ASIAN_RANGE_SWEEP|2023-06-23T07:45:00+00:00|1,1.0,RAW|2023-06-23|2023-06-23T07:30:00Z|1,common_intersection
2023-06-23 14:00:00+00:00,,,-1.0,RAW|2023-06-23|2023-06-23T14:00:00Z|-1,raw_only
2023-06-26 07:00:00+00:00,1.0,2023H1|F_ASIAN_RANGE_SWEEP|2023-06-26T07:15:00+00:00|1,1.0,RAW|2023-06-26|2023-06-26T07:00:00Z|1,common_intersection
2023-06-26 14:30:00+00:00,-1.0,2023H1|F_ASIAN_RANGE_SWEEP|2023-06-26T14:45:00+00:00|-1,-1.0,RAW|2023-06-26|2023-06-26T14:30:00Z|-1,common_intersection
2023-06-27 11:30:00+00:00,-1.0,2023H1|F_ASIAN_RANGE_SWEEP|2023-06-27T11:45:00+00:00|-1,-1.0,RAW|2023-06-27|2023-06-27T11:30:00Z|-1,common_intersection
2023-06-28 07:00:00+00:00,-1.0,2023H1|F_ASIAN_RANGE_SWEEP|2023-06-28T07:15:00+00:00|-1,-1.0,RAW|2023-06-28|2023-06-28T07:00:00Z|-1,common_intersection
2023-06-29 12:30:00+00:00,-1.0,2023H1|F_ASIAN_RANGE_SWEEP|2023-06-29T12:45:00+00:00|-1,-1.0,RAW|2023-06-29|2023-06-29T12:30:00Z|-1,common_intersection
2023-06-30 12:45:00+00:00,1.0,2023H1|F_ASIAN_RANGE_SWEEP|2023-06-30T13:00:00+00:00|1,1.0,RAW|2023-06-30|2023-06-30T12:45:00Z|1,common_intersection
2023-07-03 07:00:00+00:00,-1.0,2023H2|F_ASIAN_RANGE_SWEEP|2023-07-03T07:15:00+00:00|-1,-1.0,RAW|2023-07-03|2023-07-03T07:00:00Z|-1,common_intersection
2023-07-03 14:15:00+00:00,1.0,2023H2|F_ASIAN_RANGE_SWEEP|2023-07-03T14:30:00+00:00|1,1.0,RAW|2023-07-03|2023-07-03T14:15:00Z|1,common_intersection
2023-07-04 09:15:00+00:00,1.0,2023H2|F_ASIAN_RANGE_SWEEP|2023-07-04T09:30:00+00:00|1,1.0,RAW|2023-07-04|2023-07-04T09:15:00Z|1,common_intersection
2023-07-05 07:00:00+00:00,-1.0,2023H2|F_ASIAN_RANGE_SWEEP|2023-07-05T07:15:00+00:00|-1,-1.0,RAW|2023-07-05|2023-07-05T07:00:00Z|-1,common_intersection
2023-07-05 11:15:00+00:00,1.0,2023H2|F_ASIAN_RANGE_SWEEP|2023-07-05T11:30:00+00:00|1,1.0,RAW|2023-07-05|2023-07-05T11:15:00Z|1,common_intersection
2023-07-06 07:15:00+00:00,1.0,2023H2|F_ASIAN_RANGE_SWEEP|2023-07-06T07:30:00+00:00|1,1.0,RAW|2023-07-06|2023-07-06T07:15:00Z|1,common_intersection
2023-07-06 14:00:00+00:00,-1.0,2023H2|F_ASIAN_RANGE_SWEEP|2023-07-06T14:15:00+00:00|-1,-1.0,RAW|2023-07-06|2023-07-06T14:00:00Z|-1,common_intersection
2023-07-10 12:00:00+00:00,1.0,2023H2|F_ASIAN_RANGE_SWEEP|2023-07-10T12:15:00+00:00|1,1.0,RAW|2023-07-10|2023-07-10T12:00:00Z|1,common_intersection
2023-07-11 07:00:00+00:00,1.0,2023H2|F_ASIAN_RANGE_SWEEP|2023-07-11T07:15:00+00:00|1,1.0,RAW|2023-07-11|2023-07-11T07:00:00Z|1,common_intersection
2023-07-13 12:30:00+00:00,-1.0,2023H2|F_ASIAN_RANGE_SWEEP|2023-07-13T12:45:00+00:00|-1,-1.0,RAW|2023-07-13|2023-07-13T12:30:00Z|-1,common_intersection
2023-07-13 16:15:00+00:00,1.0,2023H2|F_ASIAN_RANGE_SWEEP|2023-07-13T16:30:00+00:00|1,1.0,RAW|2023-07-13|2023-07-13T16:15:00Z|1,common_intersection
2023-07-14 07:00:00+00:00,-1.0,2023H2|F_ASIAN_RANGE_SWEEP|2023-07-14T07:15:00+00:00|-1,-1.0,RAW|2023-07-14|2023-07-14T07:00:00Z|-1,common_intersection
2023-07-17 07:30:00+00:00,-1.0,2023H2|F_ASIAN_RANGE_SWEEP|2023-07-17T07:45:00+00:00|-1,-1.0,RAW|2023-07-17|2023-07-17T07:30:00Z|-1,common_intersection
2023-07-17 12:00:00+00:00,1.0,2023H2|F_ASIAN_RANGE_SWEEP|2023-07-17T12:15:00+00:00|1,1.0,RAW|2023-07-17|2023-07-17T12:00:00Z|1,common_intersection
2023-07-18 07:15:00+00:00,1.0,2023H2|F_ASIAN_RANGE_SWEEP|2023-07-18T07:30:00+00:00|1,1.0,RAW|2023-07-18|2023-07-18T07:15:00Z|1,common_intersection
2023-07-18 14:00:00+00:00,-1.0,2023H2|F_ASIAN_RANGE_SWEEP|2023-07-18T14:15:00+00:00|-1,-1.0,RAW|2023-07-18|2023-07-18T14:00:00Z|-1,common_intersection
2023-07-19 12:00:00+00:00,-1.0,2023H2|F_ASIAN_RANGE_SWEEP|2023-07-19T12:15:00+00:00|-1,-1.0,RAW|2023-07-19|2023-07-19T12:00:00Z|-1,common_intersection
2023-07-20 12:00:00+00:00,-1.0,2023H2|F_ASIAN_RANGE_SWEEP|2023-07-20T12:15:00+00:00|-1,-1.0,RAW|2023-07-20|2023-07-20T12:00:00Z|-1,common_intersection
2023-07-21 07:00:00+00:00,-1.0,2023H2|F_ASIAN_RANGE_SWEEP|2023-07-21T07:15:00+00:00|-1,-1.0,RAW|2023-07-21|2023-07-21T07:00:00Z|-1,common_intersection
2023-07-24 07:00:00+00:00,1.0,2023H2|F_ASIAN_RANGE_SWEEP|2023-07-24T07:15:00+00:00|1,1.0,RAW|2023-07-24|2023-07-24T07:00:00Z|1,common_intersection
2023-07-25 11:15:00+00:00,-1.0,2023H2|F_ASIAN_RANGE_SWEEP|2023-07-25T11:30:00+00:00|-1,-1.0,RAW|2023-07-25|2023-07-25T11:15:00Z|-1,common_intersection
2023-07-26 16:45:00+00:00,1.0,2023H2|F_ASIAN_RANGE_SWEEP|2023-07-26T17:00:00+00:00|1,1.0,RAW|2023-07-26|2023-07-26T16:45:00Z|1,common_intersection
2023-07-27 17:00:00+00:00,-1.0,2023H2|F_ASIAN_RANGE_SWEEP|2023-07-27T17:15:00+00:00|-1,-1.0,RAW|2023-07-27|2023-07-27T17:00:00Z|-1,common_intersection
2023-07-28 19:15:00+00:00,-1.0,2023H2|F_ASIAN_RANGE_SWEEP|2023-07-28T19:30:00+00:00|-1,,,canonical_only
2023-07-31 07:30:00+00:00,,,-1.0,RAW|2023-07-31|2023-07-31T07:30:00Z|-1,raw_only
2023-07-31 08:00:00+00:00,-1.0,2023H2|F_ASIAN_RANGE_SWEEP|2023-07-31T08:15:00+00:00|-1,,,canonical_only
2023-08-02 09:15:00+00:00,1.0,2023H2|F_ASIAN_RANGE_SWEEP|2023-08-02T09:30:00+00:00|1,1.0,RAW|2023-08-02|2023-08-02T09:15:00Z|1,common_intersection
2023-08-02 15:30:00+00:00,-1.0,2023H2|F_ASIAN_RANGE_SWEEP|2023-08-02T15:45:00+00:00|-1,-1.0,RAW|2023-08-02|2023-08-02T15:30:00Z|-1,common_intersection
2023-08-04 12:30:00+00:00,-1.0,2023H2|F_ASIAN_RANGE_SWEEP|2023-08-04T12:45:00+00:00|-1,,,canonical_only
2023-08-07 07:00:00+00:00,-1.0,2023H2|F_ASIAN_RANGE_SWEEP|2023-08-07T07:15:00+00:00|-1,-1.0,RAW|2023-08-07|2023-08-07T07:00:00Z|-1,common_intersection
2023-08-08 18:45:00+00:00,-1.0,2023H2|F_ASIAN_RANGE_SWEEP|2023-08-08T19:00:00+00:00|-1,-1.0,RAW|2023-08-08|2023-08-08T18:45:00Z|-1,common_intersection
2023-08-09 09:00:00+00:00,-1.0,2023H2|F_ASIAN_RANGE_SWEEP|2023-08-09T09:15:00+00:00|-1,-1.0,RAW|2023-08-09|2023-08-09T09:00:00Z|-1,common_intersection
2023-08-10 12:30:00+00:00,1.0,2023H2|F_ASIAN_RANGE_SWEEP|2023-08-10T12:45:00+00:00|1,1.0,RAW|2023-08-10|2023-08-10T12:30:00Z|1,common_intersection
2023-08-11 08:15:00+00:00,1.0,2023H2|F_ASIAN_RANGE_SWEEP|2023-08-11T08:30:00+00:00|1,1.0,RAW|2023-08-11|2023-08-11T08:15:00Z|1,common_intersection
2023-08-11 16:00:00+00:00,,,-1.0,RAW|2023-08-11|2023-08-11T16:00:00Z|-1,raw_only
2023-08-11 16:02:00+00:00,-1.0,2023H2|F_ASIAN_RANGE_SWEEP|2023-08-11T16:15:00+00:00|-1,,,canonical_only
2023-08-14 16:15:00+00:00,-1.0,2023H2|F_ASIAN_RANGE_SWEEP|2023-08-14T16:30:00+00:00|-1,-1.0,RAW|2023-08-14|2023-08-14T16:15:00Z|-1,common_intersection
2023-08-15 07:00:00+00:00,-1.0,2023H2|F_ASIAN_RANGE_SWEEP|2023-08-15T07:15:00+00:00|-1,-1.0,RAW|2023-08-15|2023-08-15T07:00:00Z|-1,common_intersection
2023-08-15 13:15:00+00:00,1.0,2023H2|F_ASIAN_RANGE_SWEEP|2023-08-15T13:30:00+00:00|1,1.0,RAW|2023-08-15|2023-08-15T13:15:00Z|1,common_intersection
2023-08-16 11:00:00+00:00,,,-1.0,RAW|2023-08-16|2023-08-16T11:00:00Z|-1,raw_only
2023-08-17 07:15:00+00:00,1.0,2023H2|F_ASIAN_RANGE_SWEEP|2023-08-17T07:30:00+00:00|1,1.0,RAW|2023-08-17|2023-08-17T07:15:00Z|1,common_intersection
2023-08-18 07:45:00+00:00,1.0,2023H2|F_ASIAN_RANGE_SWEEP|2023-08-18T08:00:00+00:00|1,1.0,RAW|2023-08-18|2023-08-18T07:45:00Z|1,common_intersection
2023-08-21 08:15:00+00:00,-1.0,2023H2|F_ASIAN_RANGE_SWEEP|2023-08-21T08:30:00+00:00|-1,-1.0,RAW|2023-08-21|2023-08-21T08:15:00Z|-1,common_intersection
2023-08-22 07:00:00+00:00,1.0,2023H2|F_ASIAN_RANGE_SWEEP|2023-08-22T07:15:00+00:00|1,1.0,RAW|2023-08-22|2023-08-22T07:00:00Z|1,common_intersection
2023-08-23 07:30:00+00:00,1.0,2023H2|F_ASIAN_RANGE_SWEEP|2023-08-23T07:45:00+00:00|1,,,canonical_only
2023-08-23 10:00:00+00:00,,,1.0,RAW|2023-08-23|2023-08-23T10:00:00Z|1,raw_only
2023-08-24 07:15:00+00:00,-1.0,2023H2|F_ASIAN_RANGE_SWEEP|2023-08-24T07:30:00+00:00|-1,-1.0,RAW|2023-08-24|2023-08-24T07:15:00Z|-1,common_intersection
2023-08-25 07:45:00+00:00,1.0,2023H2|F_ASIAN_RANGE_SWEEP|2023-08-25T08:00:00+00:00|1,1.0,RAW|2023-08-25|2023-08-25T07:45:00Z|1,common_intersection
2023-08-25 14:00:00+00:00,-1.0,2023H2|F_ASIAN_RANGE_SWEEP|2023-08-25T14:15:00+00:00|-1,-1.0,RAW|2023-08-25|2023-08-25T14:00:00Z|-1,common_intersection
2023-08-28 08:30:00+00:00,-1.0,2023H2|F_ASIAN_RANGE_SWEEP|2023-08-28T08:45:00+00:00|-1,-1.0,RAW|2023-08-28|2023-08-28T08:30:00Z|-1,common_intersection
2023-08-29 09:45:00+00:00,-1.0,2023H2|F_ASIAN_RANGE_SWEEP|2023-08-29T10:00:00+00:00|-1,-1.0,RAW|2023-08-29|2023-08-29T09:45:00Z|-1,common_intersection
2023-08-29 14:30:00+00:00,1.0,2023H2|F_ASIAN_RANGE_SWEEP|2023-08-29T14:45:00+00:00|1,,,canonical_only
2023-08-30 07:00:00+00:00,-1.0,2023H2|F_ASIAN_RANGE_SWEEP|2023-08-30T07:15:00+00:00|-1,-1.0,RAW|2023-08-30|2023-08-30T07:00:00Z|-1,common_intersection
2023-08-30 12:45:00+00:00,1.0,2023H2|F_ASIAN_RANGE_SWEEP|2023-08-30T13:00:00+00:00|1,1.0,RAW|2023-08-30|2023-08-30T12:45:00Z|1,common_intersection
2023-08-31 07:30:00+00:00,1.0,2023H2|F_ASIAN_RANGE_SWEEP|2023-08-31T07:45:00+00:00|1,1.0,RAW|2023-08-31|2023-08-31T07:30:00Z|1,common_intersection
2023-08-31 13:15:00+00:00,-1.0,2023H2|F_ASIAN_RANGE_SWEEP|2023-08-31T13:30:00+00:00|-1,-1.0,RAW|2023-08-31|2023-08-31T13:15:00Z|-1,common_intersection
2023-09-01 13:45:00+00:00,1.0,2023H2|F_ASIAN_RANGE_SWEEP|2023-09-01T14:00:00+00:00|1,1.0,RAW|2023-09-01|2023-09-01T13:45:00Z|1,common_intersection
2023-09-04 07:00:00+00:00,-1.0,2023H2|F_ASIAN_RANGE_SWEEP|2023-09-04T07:15:00+00:00|-1,-1.0,RAW|2023-09-04|2023-09-04T07:00:00Z|-1,common_intersection
2023-09-05 07:30:00+00:00,-1.0,2023H2|F_ASIAN_RANGE_SWEEP|2023-09-05T07:45:00+00:00|-1,-1.0,RAW|2023-09-05|2023-09-05T07:30:00Z|-1,common_intersection
2023-09-07 07:30:00+00:00,1.0,2023H2|F_ASIAN_RANGE_SWEEP|2023-09-07T07:45:00+00:00|1,1.0,RAW|2023-09-07|2023-09-07T07:30:00Z|1,common_intersection
2023-09-08 07:15:00+00:00,-1.0,2023H2|F_ASIAN_RANGE_SWEEP|2023-09-08T07:30:00+00:00|-1,-1.0,RAW|2023-09-08|2023-09-08T07:15:00Z|-1,common_intersection
2023-09-11 07:30:00+00:00,1.0,2023H2|F_ASIAN_RANGE_SWEEP|2023-09-11T07:45:00+00:00|1,1.0,RAW|2023-09-11|2023-09-11T07:30:00Z|1,common_intersection
2023-09-12 10:45:00+00:00,-1.0,2023H2|F_ASIAN_RANGE_SWEEP|2023-09-12T11:00:00+00:00|-1,-1.0,RAW|2023-09-12|2023-09-12T10:45:00Z|-1,common_intersection
2023-09-13 12:15:00+00:00,-1.0,2023H2|F_ASIAN_RANGE_SWEEP|2023-09-13T12:30:00+00:00|-1,-1.0,RAW|2023-09-13|2023-09-13T12:15:00Z|-1,common_intersection
2023-09-14 09:45:00+00:00,-1.0,2023H2|F_ASIAN_RANGE_SWEEP|2023-09-14T10:00:00+00:00|-1,-1.0,RAW|2023-09-14|2023-09-14T09:45:00Z|-1,common_intersection
2023-09-14 15:00:00+00:00,1.0,2023H2|F_ASIAN_RANGE_SWEEP|2023-09-14T15:15:00+00:00|1,1.0,RAW|2023-09-14|2023-09-14T15:00:00Z|1,common_intersection
2023-09-15 14:30:00+00:00,-1.0,2023H2|F_ASIAN_RANGE_SWEEP|2023-09-15T14:45:00+00:00|-1,-1.0,RAW|2023-09-15|2023-09-15T14:30:00Z|-1,common_intersection
2023-09-19 18:15:00+00:00,-1.0,2023H2|F_ASIAN_RANGE_SWEEP|2023-09-19T18:30:00+00:00|-1,-1.0,RAW|2023-09-19|2023-09-19T18:15:00Z|-1,common_intersection
2023-09-20 07:00:00+00:00,-1.0,2023H2|F_ASIAN_RANGE_SWEEP|2023-09-20T07:15:00+00:00|-1,-1.0,RAW|2023-09-20|2023-09-20T07:00:00Z|-1,common_intersection
2023-09-20 13:45:00+00:00,1.0,2023H2|F_ASIAN_RANGE_SWEEP|2023-09-20T14:00:00+00:00|1,1.0,RAW|2023-09-20|2023-09-20T13:45:00Z|1,common_intersection
2023-09-21 08:15:00+00:00,1.0,2023H2|F_ASIAN_RANGE_SWEEP|2023-09-21T08:30:00+00:00|1,1.0,RAW|2023-09-21|2023-09-21T08:15:00Z|1,common_intersection
2023-09-27 11:30:00+00:00,-1.0,2023H2|F_ASIAN_RANGE_SWEEP|2023-09-27T11:45:00+00:00|-1,-1.0,RAW|2023-09-27|2023-09-27T11:30:00Z|-1,common_intersection
2023-09-28 07:15:00+00:00,1.0,2023H2|F_ASIAN_RANGE_SWEEP|2023-09-28T07:30:00+00:00|1,1.0,RAW|2023-09-28|2023-09-28T07:15:00Z|1,common_intersection
2023-09-29 07:45:00+00:00,1.0,2023H2|F_ASIAN_RANGE_SWEEP|2023-09-29T08:00:00+00:00|1,1.0,RAW|2023-09-29|2023-09-29T07:45:00Z|1,common_intersection
2023-10-02 13:30:00+00:00,-1.0,2023H2|F_ASIAN_RANGE_SWEEP|2023-10-02T13:45:00+00:00|-1,-1.0,RAW|2023-10-02|2023-10-02T13:30:00Z|-1,common_intersection
2023-10-03 07:00:00+00:00,1.0,2023H2|F_ASIAN_RANGE_SWEEP|2023-10-03T07:15:00+00:00|1,1.0,RAW|2023-10-03|2023-10-03T07:00:00Z|1,common_intersection
2023-10-03 12:15:00+00:00,,,-1.0,RAW|2023-10-03|2023-10-03T12:15:00Z|-1,raw_only
2023-10-03 12:45:00+00:00,-1.0,2023H2|F_ASIAN_RANGE_SWEEP|2023-10-03T13:00:00+00:00|-1,,,canonical_only
2023-10-04 09:15:00+00:00,1.0,2023H2|F_ASIAN_RANGE_SWEEP|2023-10-04T09:30:00+00:00|1,1.0,RAW|2023-10-04|2023-10-04T09:15:00Z|1,common_intersection
2023-10-05 08:00:00+00:00,-1.0,2023H2|F_ASIAN_RANGE_SWEEP|2023-10-05T08:15:00+00:00|-1,-1.0,RAW|2023-10-05|2023-10-05T08:00:00Z|-1,common_intersection
2023-10-06 12:15:00+00:00,-1.0,2023H2|F_ASIAN_RANGE_SWEEP|2023-10-06T12:30:00+00:00|-1,-1.0,RAW|2023-10-06|2023-10-06T12:15:00Z|-1,common_intersection
2023-10-10 08:15:00+00:00,-1.0,2023H2|F_ASIAN_RANGE_SWEEP|2023-10-10T08:30:00+00:00|-1,-1.0,RAW|2023-10-10|2023-10-10T08:15:00Z|-1,common_intersection
2023-10-11 12:30:00+00:00,-1.0,2023H2|F_ASIAN_RANGE_SWEEP|2023-10-11T12:45:00+00:00|-1,-1.0,RAW|2023-10-11|2023-10-11T12:30:00Z|-1,common_intersection
2023-10-13 10:00:00+00:00,1.0,2023H2|F_ASIAN_RANGE_SWEEP|2023-10-13T10:15:00+00:00|1,1.0,RAW|2023-10-13|2023-10-13T10:00:00Z|1,common_intersection
2023-10-16 07:00:00+00:00,-1.0,2023H2|F_ASIAN_RANGE_SWEEP|2023-10-16T07:15:00+00:00|-1,-1.0,RAW|2023-10-16|2023-10-16T07:00:00Z|-1,common_intersection
2023-10-17 10:00:00+00:00,-1.0,2023H2|F_ASIAN_RANGE_SWEEP|2023-10-17T10:15:00+00:00|-1,-1.0,RAW|2023-10-17|2023-10-17T10:00:00Z|-1,common_intersection
2023-10-18 14:45:00+00:00,-1.0,2023H2|F_ASIAN_RANGE_SWEEP|2023-10-18T15:00:00+00:00|-1,-1.0,RAW|2023-10-18|2023-10-18T14:45:00Z|-1,common_intersection
2023-10-19 08:15:00+00:00,-1.0,2023H2|F_ASIAN_RANGE_SWEEP|2023-10-19T08:30:00+00:00|-1,-1.0,RAW|2023-10-19|2023-10-19T08:15:00Z|-1,common_intersection
2023-10-20 08:15:00+00:00,-1.0,2023H2|F_ASIAN_RANGE_SWEEP|2023-10-20T08:30:00+00:00|-1,,,canonical_only
2023-10-20 08:30:00+00:00,,,-1.0,RAW|2023-10-20|2023-10-20T08:30:00Z|-1,raw_only
2023-10-20 17:15:00+00:00,1.0,2023H2|F_ASIAN_RANGE_SWEEP|2023-10-20T17:30:00+00:00|1,1.0,RAW|2023-10-20|2023-10-20T17:15:00Z|1,common_intersection
2023-10-23 11:00:00+00:00,-1.0,2023H2|F_ASIAN_RANGE_SWEEP|2023-10-23T11:15:00+00:00|-1,-1.0,RAW|2023-10-23|2023-10-23T11:00:00Z|-1,common_intersection
2023-10-23 15:45:00+00:00,1.0,2023H2|F_ASIAN_RANGE_SWEEP|2023-10-23T16:00:00+00:00|1,1.0,RAW|2023-10-23|2023-10-23T15:45:00Z|1,common_intersection
2023-10-24 07:15:00+00:00,1.0,2023H2|F_ASIAN_RANGE_SWEEP|2023-10-24T07:30:00+00:00|1,1.0,RAW|2023-10-24|2023-10-24T07:15:00Z|1,common_intersection
2023-10-24 11:15:00+00:00,-1.0,2023H2|F_ASIAN_RANGE_SWEEP|2023-10-24T11:30:00+00:00|-1,-1.0,RAW|2023-10-24|2023-10-24T11:15:00Z|-1,common_intersection
2023-10-25 10:15:00+00:00,-1.0,2023H2|F_ASIAN_RANGE_SWEEP|2023-10-25T10:30:00+00:00|-1,-1.0,RAW|2023-10-25|2023-10-25T10:15:00Z|-1,common_intersection
2023-10-27 08:15:00+00:00,1.0,2023H2|F_ASIAN_RANGE_SWEEP|2023-10-27T08:30:00+00:00|1,1.0,RAW|2023-10-27|2023-10-27T08:15:00Z|1,common_intersection
2023-10-30 07:00:00+00:00,,,1.0,RAW|2023-10-30|2023-10-30T07:00:00Z|1,raw_only
2023-10-30 11:45:00+00:00,-1.0,2023H2|F_ASIAN_RANGE_SWEEP|2023-10-30T12:00:00+00:00|-1,,,canonical_only
2023-10-30 12:45:00+00:00,,,-1.0,RAW|2023-10-30|2023-10-30T12:45:00Z|-1,raw_only
2023-11-01 09:45:00+00:00,1.0,2023H2|F_ASIAN_RANGE_SWEEP|2023-11-01T10:00:00+00:00|1,,,canonical_only
2023-11-01 10:45:00+00:00,,,1.0,RAW|2023-11-01|2023-11-01T10:45:00Z|1,raw_only
2023-11-02 12:30:00+00:00,1.0,2023H2|F_ASIAN_RANGE_SWEEP|2023-11-02T12:45:00+00:00|1,,,canonical_only
2023-11-02 13:30:00+00:00,,,1.0,RAW|2023-11-02|2023-11-02T13:30:00Z|1,raw_only
2023-11-03 07:15:00+00:00,,,1.0,RAW|2023-11-03|2023-11-03T07:15:00Z|1,raw_only
2023-11-06 08:00:00+00:00,-1.0,2023H2|F_ASIAN_RANGE_SWEEP|2023-11-06T08:15:00+00:00|-1,-1.0,RAW|2023-11-06|2023-11-06T08:00:00Z|-1,common_intersection
2023-11-07 08:15:00+00:00,-1.0,2023H2|F_ASIAN_RANGE_SWEEP|2023-11-07T08:30:00+00:00|-1,-1.0,RAW|2023-11-07|2023-11-07T08:15:00Z|-1,common_intersection
2023-11-08 07:30:00+00:00,-1.0,2023H2|F_ASIAN_RANGE_SWEEP|2023-11-08T07:45:00+00:00|-1,-1.0,RAW|2023-11-08|2023-11-08T07:30:00Z|-1,common_intersection
2023-11-09 10:00:00+00:00,-1.0,2023H2|F_ASIAN_RANGE_SWEEP|2023-11-09T10:15:00+00:00|-1,-1.0,RAW|2023-11-09|2023-11-09T10:00:00Z|-1,common_intersection
2023-11-10 07:30:00+00:00,-1.0,2023H2|F_ASIAN_RANGE_SWEEP|2023-11-10T07:45:00+00:00|-1,-1.0,RAW|2023-11-10|2023-11-10T07:30:00Z|-1,common_intersection
2023-11-13 08:00:00+00:00,-1.0,2023H2|F_ASIAN_RANGE_SWEEP|2023-11-13T08:15:00+00:00|-1,,,canonical_only
2023-11-13 09:00:00+00:00,,,-1.0,RAW|2023-11-13|2023-11-13T09:00:00Z|-1,raw_only
2023-11-13 15:00:00+00:00,1.0,2023H2|F_ASIAN_RANGE_SWEEP|2023-11-13T15:15:00+00:00|1,,,canonical_only
2023-11-14 07:45:00+00:00,1.0,2023H2|F_ASIAN_RANGE_SWEEP|2023-11-14T08:00:00+00:00|1,1.0,RAW|2023-11-14|2023-11-14T07:45:00Z|1,common_intersection
2023-11-15 09:15:00+00:00,1.0,2023H2|F_ASIAN_RANGE_SWEEP|2023-11-15T09:30:00+00:00|1,1.0,RAW|2023-11-15|2023-11-15T09:15:00Z|1,common_intersection
2023-11-15 13:45:00+00:00,-1.0,2023H2|F_ASIAN_RANGE_SWEEP|2023-11-15T14:00:00+00:00|-1,-1.0,RAW|2023-11-15|2023-11-15T13:45:00Z|-1,common_intersection
2023-11-16 07:30:00+00:00,-1.0,2023H2|F_ASIAN_RANGE_SWEEP|2023-11-16T07:45:00+00:00|-1,-1.0,RAW|2023-11-16|2023-11-16T07:30:00Z|-1,common_intersection
2023-11-21 08:30:00+00:00,1.0,2023H2|F_ASIAN_RANGE_SWEEP|2023-11-21T08:45:00+00:00|1,1.0,RAW|2023-11-21|2023-11-21T08:30:00Z|1,common_intersection
2023-11-21 19:15:00+00:00,-1.0,2023H2|F_ASIAN_RANGE_SWEEP|2023-11-21T19:30:00+00:00|-1,-1.0,RAW|2023-11-21|2023-11-21T19:15:00Z|-1,common_intersection
2023-11-22 09:30:00+00:00,-1.0,2023H2|F_ASIAN_RANGE_SWEEP|2023-11-22T09:45:00+00:00|-1,-1.0,RAW|2023-11-22|2023-11-22T09:30:00Z|-1,common_intersection
2023-11-23 12:45:00+00:00,-1.0,2023H2|F_ASIAN_RANGE_SWEEP|2023-11-23T13:00:00+00:00|-1,-1.0,RAW|2023-11-23|2023-11-23T12:45:00Z|-1,common_intersection
2023-11-27 07:30:00+00:00,1.0,2023H2|F_ASIAN_RANGE_SWEEP|2023-11-27T07:45:00+00:00|1,1.0,RAW|2023-11-27|2023-11-27T07:30:00Z|1,common_intersection
2023-11-28 13:30:00+00:00,-1.0,2023H2|F_ASIAN_RANGE_SWEEP|2023-11-28T13:45:00+00:00|-1,-1.0,RAW|2023-11-28|2023-11-28T13:30:00Z|-1,common_intersection
2023-11-29 08:45:00+00:00,-1.0,2023H2|F_ASIAN_RANGE_SWEEP|2023-11-29T09:00:00+00:00|-1,-1.0,RAW|2023-11-29|2023-11-29T08:45:00Z|-1,common_intersection
2023-11-30 07:45:00+00:00,-1.0,2023H2|F_ASIAN_RANGE_SWEEP|2023-11-30T08:00:00+00:00|-1,-1.0,RAW|2023-11-30|2023-11-30T07:45:00Z|-1,common_intersection
2023-12-01 08:00:00+00:00,-1.0,2023H2|F_ASIAN_RANGE_SWEEP|2023-12-01T08:15:00+00:00|-1,-1.0,RAW|2023-12-01|2023-12-01T08:00:00Z|-1,common_intersection
2023-12-04 08:30:00+00:00,-1.0,2023H2|F_ASIAN_RANGE_SWEEP|2023-12-04T08:45:00+00:00|-1,-1.0,RAW|2023-12-04|2023-12-04T08:30:00Z|-1,common_intersection
2023-12-05 08:00:00+00:00,1.0,2023H2|F_ASIAN_RANGE_SWEEP|2023-12-05T08:15:00+00:00|1,1.0,RAW|2023-12-05|2023-12-05T08:00:00Z|1,common_intersection
2023-12-05 18:30:00+00:00,-1.0,2023H2|F_ASIAN_RANGE_SWEEP|2023-12-05T18:45:00+00:00|-1,-1.0,RAW|2023-12-05|2023-12-05T18:30:00Z|-1,common_intersection
2023-12-06 08:30:00+00:00,1.0,2023H2|F_ASIAN_RANGE_SWEEP|2023-12-06T08:45:00+00:00|1,1.0,RAW|2023-12-06|2023-12-06T08:30:00Z|1,common_intersection
2023-12-06 12:00:00+00:00,-1.0,2023H2|F_ASIAN_RANGE_SWEEP|2023-12-06T12:15:00+00:00|-1,-1.0,RAW|2023-12-06|2023-12-06T12:00:00Z|-1,common_intersection
2023-12-08 07:15:00+00:00,-1.0,2023H2|F_ASIAN_RANGE_SWEEP|2023-12-08T07:30:00+00:00|-1,-1.0,RAW|2023-12-08|2023-12-08T07:15:00Z|-1,common_intersection
2023-12-12 07:15:00+00:00,1.0,2023H2|F_ASIAN_RANGE_SWEEP|2023-12-12T07:30:00+00:00|1,1.0,RAW|2023-12-12|2023-12-12T07:15:00Z|1,common_intersection
2023-12-13 07:15:00+00:00,-1.0,2023H2|F_ASIAN_RANGE_SWEEP|2023-12-13T07:30:00+00:00|-1,-1.0,RAW|2023-12-13|2023-12-13T07:15:00Z|-1,common_intersection
2023-12-13 15:00:00+00:00,1.0,2023H2|F_ASIAN_RANGE_SWEEP|2023-12-13T15:15:00+00:00|1,1.0,RAW|2023-12-13|2023-12-13T15:00:00Z|1,common_intersection
2023-12-15 10:30:00+00:00,1.0,2023H2|F_ASIAN_RANGE_SWEEP|2023-12-15T10:45:00+00:00|1,1.0,RAW|2023-12-15|2023-12-15T10:30:00Z|1,common_intersection
2023-12-18 08:15:00+00:00,-1.0,2023H2|F_ASIAN_RANGE_SWEEP|2023-12-18T08:30:00+00:00|-1,-1.0,RAW|2023-12-18|2023-12-18T08:15:00Z|-1,common_intersection
2023-12-19 15:15:00+00:00,-1.0,2023H2|F_ASIAN_RANGE_SWEEP|2023-12-19T15:30:00+00:00|-1,-1.0,RAW|2023-12-19|2023-12-19T15:15:00Z|-1,common_intersection
2023-12-20 07:15:00+00:00,1.0,2023H2|F_ASIAN_RANGE_SWEEP|2023-12-20T07:30:00+00:00|1,1.0,RAW|2023-12-20|2023-12-20T07:15:00Z|1,common_intersection
2023-12-22 17:15:00+00:00,-1.0,2023H2|F_ASIAN_RANGE_SWEEP|2023-12-22T17:30:00+00:00|-1,-1.0,RAW|2023-12-22|2023-12-22T17:15:00Z|-1,common_intersection
2023-12-26 07:30:00+00:00,-1.0,2023H2|F_ASIAN_RANGE_SWEEP|2023-12-26T07:45:00+00:00|-1,-1.0,RAW|2023-12-26|2023-12-26T07:30:00Z|-1,common_intersection
2023-12-28 13:45:00+00:00,1.0,2023H2|F_ASIAN_RANGE_SWEEP|2023-12-28T14:00:00+00:00|1,1.0,RAW|2023-12-28|2023-12-28T13:45:00Z|1,common_intersection
2023-12-29 07:15:00+00:00,1.0,2023H2|F_ASIAN_RANGE_SWEEP|2023-12-29T07:30:00+00:00|1,1.0,RAW|2023-12-29|2023-12-29T07:15:00Z|1,common_intersection
2023-12-29 11:30:00+00:00,-1.0,2023H2|F_ASIAN_RANGE_SWEEP|2023-12-29T11:45:00+00:00|-1,-1.0,RAW|2023-12-29|2023-12-29T11:30:00Z|-1,common_intersection
2024-01-02 09:00:00+00:00,-1.0,2024H1|F_ASIAN_RANGE_SWEEP|2024-01-02T09:15:00+00:00|-1,-1.0,RAW|2024-01-02|2024-01-02T09:00:00Z|-1,common_intersection
2024-01-05 10:15:00+00:00,-1.0,2024H1|F_ASIAN_RANGE_SWEEP|2024-01-05T10:30:00+00:00|-1,-1.0,RAW|2024-01-05|2024-01-05T10:15:00Z|-1,common_intersection
2024-01-05 17:00:00+00:00,1.0,2024H1|F_ASIAN_RANGE_SWEEP|2024-01-05T17:15:00+00:00|1,1.0,RAW|2024-01-05|2024-01-05T17:00:00Z|1,common_intersection
2024-01-08 07:00:00+00:00,1.0,2024H1|F_ASIAN_RANGE_SWEEP|2024-01-08T07:15:00+00:00|1,1.0,RAW|2024-01-08|2024-01-08T07:00:00Z|1,common_intersection
2024-01-09 08:15:00+00:00,-1.0,2024H1|F_ASIAN_RANGE_SWEEP|2024-01-09T08:30:00+00:00|-1,-1.0,RAW|2024-01-09|2024-01-09T08:15:00Z|-1,common_intersection
2024-01-10 07:15:00+00:00,-1.0,2024H1|F_ASIAN_RANGE_SWEEP|2024-01-10T07:30:00+00:00|-1,-1.0,RAW|2024-01-10|2024-01-10T07:15:00Z|-1,common_intersection
2024-01-11 13:30:00+00:00,1.0,2024H1|F_ASIAN_RANGE_SWEEP|2024-01-11T13:45:00+00:00|1,1.0,RAW|2024-01-11|2024-01-11T13:30:00Z|1,common_intersection
2024-01-11 19:00:00+00:00,-1.0,2024H1|F_ASIAN_RANGE_SWEEP|2024-01-11T19:15:00+00:00|-1,-1.0,RAW|2024-01-11|2024-01-11T19:00:00Z|-1,common_intersection
2024-01-12 13:30:00+00:00,1.0,2024H1|F_ASIAN_RANGE_SWEEP|2024-01-12T13:45:00+00:00|1,1.0,RAW|2024-01-12|2024-01-12T13:30:00Z|1,common_intersection
2024-01-17 07:45:00+00:00,-1.0,2024H1|F_ASIAN_RANGE_SWEEP|2024-01-17T08:00:00+00:00|-1,-1.0,RAW|2024-01-17|2024-01-17T07:45:00Z|-1,common_intersection
2024-01-18 09:30:00+00:00,1.0,2024H1|F_ASIAN_RANGE_SWEEP|2024-01-18T09:45:00+00:00|1,1.0,RAW|2024-01-18|2024-01-18T09:30:00Z|1,common_intersection
2024-01-18 13:45:00+00:00,-1.0,2024H1|F_ASIAN_RANGE_SWEEP|2024-01-18T14:00:00+00:00|-1,-1.0,RAW|2024-01-18|2024-01-18T13:45:00Z|-1,common_intersection
2024-01-19 09:00:00+00:00,1.0,2024H1|F_ASIAN_RANGE_SWEEP|2024-01-19T09:15:00+00:00|1,1.0,RAW|2024-01-19|2024-01-19T09:00:00Z|1,common_intersection
2024-01-22 09:00:00+00:00,-1.0,2024H1|F_ASIAN_RANGE_SWEEP|2024-01-22T09:15:00+00:00|-1,-1.0,RAW|2024-01-22|2024-01-22T09:00:00Z|-1,common_intersection
2024-01-22 12:30:00+00:00,1.0,2024H1|F_ASIAN_RANGE_SWEEP|2024-01-22T12:45:00+00:00|1,1.0,RAW|2024-01-22|2024-01-22T12:30:00Z|1,common_intersection
2024-01-23 16:15:00+00:00,-1.0,2024H1|F_ASIAN_RANGE_SWEEP|2024-01-23T16:30:00+00:00|-1,-1.0,RAW|2024-01-23|2024-01-23T16:15:00Z|-1,common_intersection
2024-01-24 07:00:00+00:00,1.0,2024H1|F_ASIAN_RANGE_SWEEP|2024-01-24T07:15:00+00:00|1,1.0,RAW|2024-01-24|2024-01-24T07:00:00Z|1,common_intersection
2024-01-25 07:30:00+00:00,1.0,2024H1|F_ASIAN_RANGE_SWEEP|2024-01-25T07:45:00+00:00|1,1.0,RAW|2024-01-25|2024-01-25T07:30:00Z|1,common_intersection
2024-01-25 13:30:00+00:00,-1.0,2024H1|F_ASIAN_RANGE_SWEEP|2024-01-25T13:45:00+00:00|-1,-1.0,RAW|2024-01-25|2024-01-25T13:30:00Z|-1,common_intersection
2024-01-26 07:15:00+00:00,-1.0,2024H1|F_ASIAN_RANGE_SWEEP|2024-01-26T07:30:00+00:00|-1,-1.0,RAW|2024-01-26|2024-01-26T07:15:00Z|-1,common_intersection
2024-01-26 13:30:00+00:00,1.0,2024H1|F_ASIAN_RANGE_SWEEP|2024-01-26T13:45:00+00:00|1,,,canonical_only
2024-01-29 12:00:00+00:00,1.0,2024H1|F_ASIAN_RANGE_SWEEP|2024-01-29T12:15:00+00:00|1,1.0,RAW|2024-01-29|2024-01-29T12:00:00Z|1,common_intersection
2024-01-30 07:30:00+00:00,1.0,2024H1|F_ASIAN_RANGE_SWEEP|2024-01-30T07:45:00+00:00|1,1.0,RAW|2024-01-30|2024-01-30T07:30:00Z|1,common_intersection
2024-01-30 13:15:00+00:00,-1.0,2024H1|F_ASIAN_RANGE_SWEEP|2024-01-30T13:30:00+00:00|-1,-1.0,RAW|2024-01-30|2024-01-30T13:15:00Z|-1,common_intersection
2024-01-31 07:00:00+00:00,-1.0,2024H1|F_ASIAN_RANGE_SWEEP|2024-01-31T07:15:00+00:00|-1,-1.0,RAW|2024-01-31|2024-01-31T07:00:00Z|-1,common_intersection
2024-02-01 12:15:00+00:00,-1.0,2024H1|F_ASIAN_RANGE_SWEEP|2024-02-01T12:30:00+00:00|-1,-1.0,RAW|2024-02-01|2024-02-01T12:15:00Z|-1,common_intersection
2024-02-02 07:00:00+00:00,-1.0,2024H1|F_ASIAN_RANGE_SWEEP|2024-02-02T07:15:00+00:00|-1,-1.0,RAW|2024-02-02|2024-02-02T07:00:00Z|-1,common_intersection
2024-02-05 16:00:00+00:00,-1.0,2024H1|F_ASIAN_RANGE_SWEEP|2024-02-05T16:15:00+00:00|-1,-1.0,RAW|2024-02-05|2024-02-05T16:00:00Z|-1,common_intersection
2024-02-06 09:00:00+00:00,-1.0,2024H1|F_ASIAN_RANGE_SWEEP|2024-02-06T09:15:00+00:00|-1,-1.0,RAW|2024-02-06|2024-02-06T09:00:00Z|-1,common_intersection
2024-02-07 09:00:00+00:00,-1.0,2024H1|F_ASIAN_RANGE_SWEEP|2024-02-07T09:15:00+00:00|-1,-1.0,RAW|2024-02-07|2024-02-07T09:00:00Z|-1,common_intersection
2024-02-07 14:45:00+00:00,1.0,2024H1|F_ASIAN_RANGE_SWEEP|2024-02-07T15:00:00+00:00|1,1.0,RAW|2024-02-07|2024-02-07T14:45:00Z|1,common_intersection
2024-02-08 07:00:00+00:00,-1.0,2024H1|F_ASIAN_RANGE_SWEEP|2024-02-08T07:15:00+00:00|-1,-1.0,RAW|2024-02-08|2024-02-08T07:00:00Z|-1,common_intersection
2024-02-09 07:15:00+00:00,1.0,2024H1|F_ASIAN_RANGE_SWEEP|2024-02-09T07:30:00+00:00|1,1.0,RAW|2024-02-09|2024-02-09T07:15:00Z|1,common_intersection
2024-02-09 12:30:00+00:00,-1.0,2024H1|F_ASIAN_RANGE_SWEEP|2024-02-09T12:45:00+00:00|-1,-1.0,RAW|2024-02-09|2024-02-09T12:30:00Z|-1,common_intersection
2024-02-12 07:15:00+00:00,1.0,2024H1|F_ASIAN_RANGE_SWEEP|2024-02-12T07:30:00+00:00|1,1.0,RAW|2024-02-12|2024-02-12T07:15:00Z|1,common_intersection
2024-02-13 07:00:00+00:00,-1.0,2024H1|F_ASIAN_RANGE_SWEEP|2024-02-13T07:15:00+00:00|-1,-1.0,RAW|2024-02-13|2024-02-13T07:00:00Z|-1,common_intersection
2024-02-13 13:15:00+00:00,1.0,2024H1|F_ASIAN_RANGE_SWEEP|2024-02-13T13:30:00+00:00|1,1.0,RAW|2024-02-13|2024-02-13T13:15:00Z|1,common_intersection
2024-02-14 07:15:00+00:00,1.0,2024H1|F_ASIAN_RANGE_SWEEP|2024-02-14T07:30:00+00:00|1,1.0,RAW|2024-02-14|2024-02-14T07:15:00Z|1,common_intersection
2024-02-15 07:00:00+00:00,1.0,2024H1|F_ASIAN_RANGE_SWEEP|2024-02-15T07:15:00+00:00|1,1.0,RAW|2024-02-15|2024-02-15T07:00:00Z|1,common_intersection
2024-02-16 13:15:00+00:00,-1.0,2024H1|F_ASIAN_RANGE_SWEEP|2024-02-16T13:30:00+00:00|-1,-1.0,RAW|2024-02-16|2024-02-16T13:15:00Z|-1,common_intersection
2024-02-19 19:00:00+00:00,-1.0,2024H1|F_ASIAN_RANGE_SWEEP|2024-02-19T19:15:00+00:00|-1,-1.0,RAW|2024-02-19|2024-02-19T19:00:00Z|-1,common_intersection
2024-02-20 11:15:00+00:00,1.0,2024H1|F_ASIAN_RANGE_SWEEP|2024-02-20T11:30:00+00:00|1,1.0,RAW|2024-02-20|2024-02-20T11:15:00Z|1,common_intersection
2024-02-21 07:00:00+00:00,-1.0,2024H1|F_ASIAN_RANGE_SWEEP|2024-02-21T07:15:00+00:00|-1,-1.0,RAW|2024-02-21|2024-02-21T07:00:00Z|-1,common_intersection
2024-02-22 08:30:00+00:00,1.0,2024H1|F_ASIAN_RANGE_SWEEP|2024-02-22T08:45:00+00:00|1,1.0,RAW|2024-02-22|2024-02-22T08:30:00Z|1,common_intersection
2024-02-22 13:15:00+00:00,-1.0,2024H1|F_ASIAN_RANGE_SWEEP|2024-02-22T13:30:00+00:00|-1,-1.0,RAW|2024-02-22|2024-02-22T13:15:00Z|-1,common_intersection
2024-02-23 08:45:00+00:00,-1.0,2024H1|F_ASIAN_RANGE_SWEEP|2024-02-23T09:00:00+00:00|-1,-1.0,RAW|2024-02-23|2024-02-23T08:45:00Z|-1,common_intersection
2024-02-23 13:15:00+00:00,1.0,2024H1|F_ASIAN_RANGE_SWEEP|2024-02-23T13:30:00+00:00|1,1.0,RAW|2024-02-23|2024-02-23T13:15:00Z|1,common_intersection
2024-02-27 15:15:00+00:00,1.0,2024H1|F_ASIAN_RANGE_SWEEP|2024-02-27T15:30:00+00:00|1,1.0,RAW|2024-02-27|2024-02-27T15:15:00Z|1,common_intersection
2024-02-28 07:00:00+00:00,-1.0,2024H1|F_ASIAN_RANGE_SWEEP|2024-02-28T07:15:00+00:00|-1,-1.0,RAW|2024-02-28|2024-02-28T07:00:00Z|-1,common_intersection
2024-02-29 07:00:00+00:00,1.0,2024H1|F_ASIAN_RANGE_SWEEP|2024-02-29T07:15:00+00:00|1,1.0,RAW|2024-02-29|2024-02-29T07:00:00Z|1,common_intersection
2024-03-01 11:15:00+00:00,-1.0,2024H1|F_ASIAN_RANGE_SWEEP|2024-03-01T11:30:00+00:00|-1,-1.0,RAW|2024-03-01|2024-03-01T11:15:00Z|-1,common_intersection
2024-03-01 19:30:00+00:00,1.0,2024H1|F_ASIAN_RANGE_SWEEP|2024-03-01T19:45:00+00:00|1,,,canonical_only
2024-03-04 07:30:00+00:00,-1.0,2024H1|F_ASIAN_RANGE_SWEEP|2024-03-04T07:45:00+00:00|-1,-1.0,RAW|2024-03-04|2024-03-04T07:30:00Z|-1,common_intersection
2024-03-05 07:45:00+00:00,1.0,2024H1|F_ASIAN_RANGE_SWEEP|2024-03-05T08:00:00+00:00|1,1.0,RAW|2024-03-05|2024-03-05T07:45:00Z|1,common_intersection
2024-03-07 07:15:00+00:00,1.0,2024H1|F_ASIAN_RANGE_SWEEP|2024-03-07T07:30:00+00:00|1,1.0,RAW|2024-03-07|2024-03-07T07:15:00Z|1,common_intersection
2024-03-11 09:45:00+00:00,1.0,2024H1|F_ASIAN_RANGE_SWEEP|2024-03-11T10:00:00+00:00|1,1.0,RAW|2024-03-11|2024-03-11T09:45:00Z|1,common_intersection
2024-03-11 14:15:00+00:00,-1.0,2024H1|F_ASIAN_RANGE_SWEEP|2024-03-11T14:30:00+00:00|-1,-1.0,RAW|2024-03-11|2024-03-11T14:15:00Z|-1,common_intersection
2024-03-12 12:30:00+00:00,-1.0,2024H1|F_ASIAN_RANGE_SWEEP|2024-03-12T12:45:00+00:00|-1,-1.0,RAW|2024-03-12|2024-03-12T12:30:00Z|-1,common_intersection
2024-03-13 15:15:00+00:00,-1.0,2024H1|F_ASIAN_RANGE_SWEEP|2024-03-13T15:30:00+00:00|-1,-1.0,RAW|2024-03-13|2024-03-13T15:15:00Z|-1,common_intersection
2024-03-14 12:30:00+00:00,-1.0,2024H1|F_ASIAN_RANGE_SWEEP|2024-03-14T12:45:00+00:00|-1,-1.0,RAW|2024-03-14|2024-03-14T12:30:00Z|-1,common_intersection
2024-03-15 07:00:00+00:00,1.0,2024H1|F_ASIAN_RANGE_SWEEP|2024-03-15T07:15:00+00:00|1,1.0,RAW|2024-03-15|2024-03-15T07:00:00Z|1,common_intersection
2024-03-15 11:30:00+00:00,-1.0,2024H1|F_ASIAN_RANGE_SWEEP|2024-03-15T11:45:00+00:00|-1,-1.0,RAW|2024-03-15|2024-03-15T11:30:00Z|-1,common_intersection
2024-03-19 08:45:00+00:00,-1.0,2024H1|F_ASIAN_RANGE_SWEEP|2024-03-19T09:00:00+00:00|-1,-1.0,RAW|2024-03-19|2024-03-19T08:45:00Z|-1,common_intersection
2024-03-20 15:00:00+00:00,-1.0,2024H1|F_ASIAN_RANGE_SWEEP|2024-03-20T15:15:00+00:00|-1,-1.0,RAW|2024-03-20|2024-03-20T15:00:00Z|-1,common_intersection
2024-03-20 19:00:00+00:00,1.0,2024H1|F_ASIAN_RANGE_SWEEP|2024-03-20T19:15:00+00:00|1,1.0,RAW|2024-03-20|2024-03-20T19:00:00Z|1,common_intersection
2024-03-21 09:45:00+00:00,-1.0,2024H1|F_ASIAN_RANGE_SWEEP|2024-03-21T10:00:00+00:00|-1,-1.0,RAW|2024-03-21|2024-03-21T09:45:00Z|-1,common_intersection
2024-03-22 13:00:00+00:00,1.0,2024H1|F_ASIAN_RANGE_SWEEP|2024-03-22T13:15:00+00:00|1,1.0,RAW|2024-03-22|2024-03-22T13:00:00Z|1,common_intersection
2024-03-25 09:15:00+00:00,-1.0,2024H1|F_ASIAN_RANGE_SWEEP|2024-03-25T09:30:00+00:00|-1,-1.0,RAW|2024-03-25|2024-03-25T09:15:00Z|-1,common_intersection
2024-03-26 09:15:00+00:00,1.0,2024H1|F_ASIAN_RANGE_SWEEP|2024-03-26T09:30:00+00:00|1,1.0,RAW|2024-03-26|2024-03-26T09:15:00Z|1,common_intersection
2024-03-26 13:00:00+00:00,-1.0,2024H1|F_ASIAN_RANGE_SWEEP|2024-03-26T13:15:00+00:00|-1,-1.0,RAW|2024-03-26|2024-03-26T13:00:00Z|-1,common_intersection
2024-03-28 13:00:00+00:00,1.0,2024H1|F_ASIAN_RANGE_SWEEP|2024-03-28T13:15:00+00:00|1,1.0,RAW|2024-03-28|2024-03-28T13:00:00Z|1,common_intersection
2024-03-29 14:15:00+00:00,1.0,2024H1|F_ASIAN_RANGE_SWEEP|2024-03-29T14:30:00+00:00|1,1.0,RAW|2024-03-29|2024-03-29T14:15:00Z|1,common_intersection
2024-04-02 14:00:00+00:00,1.0,2024H1|F_ASIAN_RANGE_SWEEP|2024-04-02T14:15:00+00:00|1,1.0,RAW|2024-04-02|2024-04-02T14:00:00Z|1,common_intersection
2024-04-03 07:45:00+00:00,-1.0,2024H1|F_ASIAN_RANGE_SWEEP|2024-04-03T08:00:00+00:00|-1,-1.0,RAW|2024-04-03|2024-04-03T07:45:00Z|-1,common_intersection
2024-04-04 07:15:00+00:00,-1.0,2024H1|F_ASIAN_RANGE_SWEEP|2024-04-04T07:30:00+00:00|-1,-1.0,RAW|2024-04-04|2024-04-04T07:15:00Z|-1,common_intersection
2024-04-04 13:45:00+00:00,1.0,2024H1|F_ASIAN_RANGE_SWEEP|2024-04-04T14:00:00+00:00|1,1.0,RAW|2024-04-04|2024-04-04T13:45:00Z|1,common_intersection
2024-04-05 07:30:00+00:00,-1.0,2024H1|F_ASIAN_RANGE_SWEEP|2024-04-05T07:45:00+00:00|-1,-1.0,RAW|2024-04-05|2024-04-05T07:30:00Z|-1,common_intersection
2024-04-08 10:15:00+00:00,-1.0,2024H1|F_ASIAN_RANGE_SWEEP|2024-04-08T10:30:00+00:00|-1,-1.0,RAW|2024-04-08|2024-04-08T10:15:00Z|-1,common_intersection
2024-04-09 07:00:00+00:00,-1.0,2024H1|F_ASIAN_RANGE_SWEEP|2024-04-09T07:15:00+00:00|-1,-1.0,RAW|2024-04-09|2024-04-09T07:00:00Z|-1,common_intersection
2024-04-09 10:45:00+00:00,1.0,2024H1|F_ASIAN_RANGE_SWEEP|2024-04-09T11:00:00+00:00|1,1.0,RAW|2024-04-09|2024-04-09T10:45:00Z|1,common_intersection
2024-04-10 10:15:00+00:00,-1.0,2024H1|F_ASIAN_RANGE_SWEEP|2024-04-10T10:30:00+00:00|-1,-1.0,RAW|2024-04-10|2024-04-10T10:15:00Z|-1,common_intersection
2024-04-11 07:00:00+00:00,-1.0,2024H1|F_ASIAN_RANGE_SWEEP|2024-04-11T07:15:00+00:00|-1,-1.0,RAW|2024-04-11|2024-04-11T07:00:00Z|-1,common_intersection
2024-04-12 07:15:00+00:00,-1.0,2024H1|F_ASIAN_RANGE_SWEEP|2024-04-12T07:30:00+00:00|-1,-1.0,RAW|2024-04-12|2024-04-12T07:15:00Z|-1,common_intersection
2024-04-12 13:30:00+00:00,1.0,2024H1|F_ASIAN_RANGE_SWEEP|2024-04-12T13:45:00+00:00|1,1.0,RAW|2024-04-12|2024-04-12T13:30:00Z|1,common_intersection
2024-04-15 08:00:00+00:00,-1.0,2024H1|F_ASIAN_RANGE_SWEEP|2024-04-15T08:15:00+00:00|-1,-1.0,RAW|2024-04-15|2024-04-15T08:00:00Z|-1,common_intersection
2024-04-16 12:30:00+00:00,-1.0,2024H1|F_ASIAN_RANGE_SWEEP|2024-04-16T12:45:00+00:00|-1,-1.0,RAW|2024-04-16|2024-04-16T12:30:00Z|-1,common_intersection
2024-04-18 09:15:00+00:00,-1.0,2024H1|F_ASIAN_RANGE_SWEEP|2024-04-18T09:30:00+00:00|-1,-1.0,RAW|2024-04-18|2024-04-18T09:15:00Z|-1,common_intersection
2024-04-22 10:00:00+00:00,-1.0,2024H1|F_ASIAN_RANGE_SWEEP|2024-04-22T10:15:00+00:00|-1,-1.0,RAW|2024-04-22|2024-04-22T10:00:00Z|-1,common_intersection
2024-04-23 07:30:00+00:00,-1.0,2024H1|F_ASIAN_RANGE_SWEEP|2024-04-23T07:45:00+00:00|-1,-1.0,RAW|2024-04-23|2024-04-23T07:30:00Z|-1,common_intersection
2024-04-23 14:00:00+00:00,1.0,2024H1|F_ASIAN_RANGE_SWEEP|2024-04-23T14:15:00+00:00|1,1.0,RAW|2024-04-23|2024-04-23T14:00:00Z|1,common_intersection
2024-04-24 07:00:00+00:00,-1.0,2024H1|F_ASIAN_RANGE_SWEEP|2024-04-24T07:15:00+00:00|-1,-1.0,RAW|2024-04-24|2024-04-24T07:00:00Z|-1,common_intersection
2024-04-25 12:45:00+00:00,-1.0,2024H1|F_ASIAN_RANGE_SWEEP|2024-04-25T13:00:00+00:00|-1,-1.0,RAW|2024-04-25|2024-04-25T12:45:00Z|-1,common_intersection
2024-04-26 08:00:00+00:00,-1.0,2024H1|F_ASIAN_RANGE_SWEEP|2024-04-26T08:15:00+00:00|-1,,,canonical_only
2024-04-26 08:15:00+00:00,,,-1.0,RAW|2024-04-26|2024-04-26T08:15:00Z|-1,raw_only
2024-04-29 07:30:00+00:00,1.0,2024H1|F_ASIAN_RANGE_SWEEP|2024-04-29T07:45:00+00:00|1,1.0,RAW|2024-04-29|2024-04-29T07:30:00Z|1,common_intersection
2024-04-30 12:00:00+00:00,-1.0,2024H1|F_ASIAN_RANGE_SWEEP|2024-04-30T12:15:00+00:00|-1,-1.0,RAW|2024-04-30|2024-04-30T12:00:00Z|-1,common_intersection
2024-05-01 07:00:00+00:00,-1.0,2024H1|F_ASIAN_RANGE_SWEEP|2024-05-01T07:15:00+00:00|-1,-1.0,RAW|2024-05-01|2024-05-01T07:00:00Z|-1,common_intersection
2024-05-02 09:00:00+00:00,1.0,2024H1|F_ASIAN_RANGE_SWEEP|2024-05-02T09:15:00+00:00|1,1.0,RAW|2024-05-02|2024-05-02T09:00:00Z|1,common_intersection
2024-05-03 14:15:00+00:00,1.0,2024H1|F_ASIAN_RANGE_SWEEP|2024-05-03T14:30:00+00:00|1,1.0,RAW|2024-05-03|2024-05-03T14:15:00Z|1,common_intersection
2024-05-07 17:15:00+00:00,-1.0,2024H1|F_ASIAN_RANGE_SWEEP|2024-05-07T17:30:00+00:00|-1,-1.0,RAW|2024-05-07|2024-05-07T17:15:00Z|-1,common_intersection
2024-05-08 07:15:00+00:00,-1.0,2024H1|F_ASIAN_RANGE_SWEEP|2024-05-08T07:30:00+00:00|-1,-1.0,RAW|2024-05-08|2024-05-08T07:15:00Z|-1,common_intersection
2024-05-09 07:30:00+00:00,-1.0,2024H1|F_ASIAN_RANGE_SWEEP|2024-05-09T07:45:00+00:00|-1,-1.0,RAW|2024-05-09|2024-05-09T07:30:00Z|-1,common_intersection
2024-05-10 07:30:00+00:00,-1.0,2024H1|F_ASIAN_RANGE_SWEEP|2024-05-10T07:45:00+00:00|-1,-1.0,RAW|2024-05-10|2024-05-10T07:30:00Z|-1,common_intersection
2024-05-14 12:30:00+00:00,-1.0,2024H1|F_ASIAN_RANGE_SWEEP|2024-05-14T12:45:00+00:00|-1,-1.0,RAW|2024-05-14|2024-05-14T12:30:00Z|-1,common_intersection
2024-05-17 08:30:00+00:00,-1.0,2024H1|F_ASIAN_RANGE_SWEEP|2024-05-17T08:45:00+00:00|-1,-1.0,RAW|2024-05-17|2024-05-17T08:30:00Z|-1,common_intersection
2024-05-17 14:45:00+00:00,1.0,2024H1|F_ASIAN_RANGE_SWEEP|2024-05-17T15:00:00+00:00|1,1.0,RAW|2024-05-17|2024-05-17T14:45:00Z|1,common_intersection
2024-05-20 07:30:00+00:00,1.0,2024H1|F_ASIAN_RANGE_SWEEP|2024-05-20T07:45:00+00:00|1,1.0,RAW|2024-05-20|2024-05-20T07:30:00Z|1,common_intersection
2024-05-20 12:15:00+00:00,-1.0,2024H1|F_ASIAN_RANGE_SWEEP|2024-05-20T12:30:00+00:00|-1,-1.0,RAW|2024-05-20|2024-05-20T12:15:00Z|-1,common_intersection
2024-05-21 07:15:00+00:00,1.0,2024H1|F_ASIAN_RANGE_SWEEP|2024-05-21T07:30:00+00:00|1,1.0,RAW|2024-05-21|2024-05-21T07:15:00Z|1,common_intersection
2024-05-22 08:30:00+00:00,-1.0,2024H1|F_ASIAN_RANGE_SWEEP|2024-05-22T08:45:00+00:00|-1,-1.0,RAW|2024-05-22|2024-05-22T08:30:00Z|-1,common_intersection
2024-05-23 07:15:00+00:00,1.0,2024H1|F_ASIAN_RANGE_SWEEP|2024-05-23T07:30:00+00:00|1,1.0,RAW|2024-05-23|2024-05-23T07:15:00Z|1,common_intersection
2024-05-23 18:00:00+00:00,-1.0,2024H1|F_ASIAN_RANGE_SWEEP|2024-05-23T18:15:00+00:00|-1,-1.0,RAW|2024-05-23|2024-05-23T18:00:00Z|-1,common_intersection
2024-05-24 14:00:00+00:00,1.0,2024H1|F_ASIAN_RANGE_SWEEP|2024-05-24T14:15:00+00:00|1,1.0,RAW|2024-05-24|2024-05-24T14:00:00Z|1,common_intersection
2024-05-27 07:15:00+00:00,-1.0,2024H1|F_ASIAN_RANGE_SWEEP|2024-05-27T07:30:00+00:00|-1,-1.0,RAW|2024-05-27|2024-05-27T07:15:00Z|-1,common_intersection
2024-05-28 08:30:00+00:00,-1.0,2024H1|F_ASIAN_RANGE_SWEEP|2024-05-28T08:45:00+00:00|-1,-1.0,RAW|2024-05-28|2024-05-28T08:30:00Z|-1,common_intersection
2024-05-28 13:15:00+00:00,1.0,2024H1|F_ASIAN_RANGE_SWEEP|2024-05-28T13:30:00+00:00|1,1.0,RAW|2024-05-28|2024-05-28T13:15:00Z|1,common_intersection
2024-05-30 07:15:00+00:00,1.0,2024H1|F_ASIAN_RANGE_SWEEP|2024-05-30T07:30:00+00:00|1,1.0,RAW|2024-05-30|2024-05-30T07:15:00Z|1,common_intersection
2024-05-31 07:15:00+00:00,-1.0,2024H1|F_ASIAN_RANGE_SWEEP|2024-05-31T07:30:00+00:00|-1,-1.0,RAW|2024-05-31|2024-05-31T07:15:00Z|-1,common_intersection
2024-05-31 14:15:00+00:00,1.0,2024H1|F_ASIAN_RANGE_SWEEP|2024-05-31T14:30:00+00:00|1,1.0,RAW|2024-05-31|2024-05-31T14:15:00Z|1,common_intersection
2024-06-05 07:00:00+00:00,-1.0,2024H1|F_ASIAN_RANGE_SWEEP|2024-06-05T07:15:00+00:00|-1,-1.0,RAW|2024-06-05|2024-06-05T07:00:00Z|-1,common_intersection
2024-06-06 08:45:00+00:00,-1.0,2024H1|F_ASIAN_RANGE_SWEEP|2024-06-06T09:00:00+00:00|-1,-1.0,RAW|2024-06-06|2024-06-06T08:45:00Z|-1,common_intersection
2024-06-07 07:30:00+00:00,1.0,2024H1|F_ASIAN_RANGE_SWEEP|2024-06-07T07:45:00+00:00|1,1.0,RAW|2024-06-07|2024-06-07T07:30:00Z|1,common_intersection
2024-06-11 07:30:00+00:00,-1.0,2024H1|F_ASIAN_RANGE_SWEEP|2024-06-11T07:45:00+00:00|-1,-1.0,RAW|2024-06-11|2024-06-11T07:30:00Z|-1,common_intersection
2024-06-11 12:00:00+00:00,1.0,2024H1|F_ASIAN_RANGE_SWEEP|2024-06-11T12:15:00+00:00|1,1.0,RAW|2024-06-11|2024-06-11T12:00:00Z|1,common_intersection
2024-06-12 07:45:00+00:00,-1.0,2024H1|F_ASIAN_RANGE_SWEEP|2024-06-12T08:00:00+00:00|-1,-1.0,RAW|2024-06-12|2024-06-12T07:45:00Z|-1,common_intersection
2024-06-13 08:15:00+00:00,-1.0,2024H1|F_ASIAN_RANGE_SWEEP|2024-06-13T08:30:00+00:00|-1,-1.0,RAW|2024-06-13|2024-06-13T08:15:00Z|-1,common_intersection
2024-06-13 12:30:00+00:00,1.0,2024H1|F_ASIAN_RANGE_SWEEP|2024-06-13T12:45:00+00:00|1,1.0,RAW|2024-06-13|2024-06-13T12:30:00Z|1,common_intersection
2024-06-18 07:00:00+00:00,-1.0,2024H1|F_ASIAN_RANGE_SWEEP|2024-06-18T07:15:00+00:00|-1,-1.0,RAW|2024-06-18|2024-06-18T07:00:00Z|-1,common_intersection
2024-06-19 07:00:00+00:00,1.0,2024H1|F_ASIAN_RANGE_SWEEP|2024-06-19T07:15:00+00:00|1,1.0,RAW|2024-06-19|2024-06-19T07:00:00Z|1,common_intersection
2024-06-19 12:30:00+00:00,-1.0,2024H1|F_ASIAN_RANGE_SWEEP|2024-06-19T12:45:00+00:00|-1,-1.0,RAW|2024-06-19|2024-06-19T12:30:00Z|-1,common_intersection
2024-06-21 08:45:00+00:00,1.0,2024H1|F_ASIAN_RANGE_SWEEP|2024-06-21T09:00:00+00:00|1,1.0,RAW|2024-06-21|2024-06-21T08:45:00Z|1,common_intersection
2024-06-24 09:15:00+00:00,1.0,2024H1|F_ASIAN_RANGE_SWEEP|2024-06-24T09:30:00+00:00|1,1.0,RAW|2024-06-24|2024-06-24T09:15:00Z|1,common_intersection
2024-06-25 14:00:00+00:00,-1.0,2024H1|F_ASIAN_RANGE_SWEEP|2024-06-25T14:15:00+00:00|-1,-1.0,RAW|2024-06-25|2024-06-25T14:00:00Z|-1,common_intersection
2024-06-26 07:30:00+00:00,-1.0,2024H1|F_ASIAN_RANGE_SWEEP|2024-06-26T07:45:00+00:00|-1,-1.0,RAW|2024-06-26|2024-06-26T07:30:00Z|-1,common_intersection
2024-06-27 12:45:00+00:00,1.0,2024H1|F_ASIAN_RANGE_SWEEP|2024-06-27T13:00:00+00:00|1,1.0,RAW|2024-06-27|2024-06-27T12:45:00Z|1,common_intersection
2024-06-27 16:45:00+00:00,-1.0,2024H1|F_ASIAN_RANGE_SWEEP|2024-06-27T17:00:00+00:00|-1,-1.0,RAW|2024-06-27|2024-06-27T16:45:00Z|-1,common_intersection
2024-06-28 14:45:00+00:00,1.0,2024H1|F_ASIAN_RANGE_SWEEP|2024-06-28T15:00:00+00:00|1,1.0,RAW|2024-06-28|2024-06-28T14:45:00Z|1,common_intersection
2024-07-02 13:15:00+00:00,1.0,2024H2|F_ASIAN_RANGE_SWEEP|2024-07-02T13:30:00+00:00|1,1.0,RAW|2024-07-02|2024-07-02T13:15:00Z|1,common_intersection
2024-07-03 10:15:00+00:00,-1.0,2024H2|F_ASIAN_RANGE_SWEEP|2024-07-03T10:30:00+00:00|-1,-1.0,RAW|2024-07-03|2024-07-03T10:15:00Z|-1,common_intersection
2024-07-03 15:15:00+00:00,1.0,2024H2|F_ASIAN_RANGE_SWEEP|2024-07-03T15:30:00+00:00|1,1.0,RAW|2024-07-03|2024-07-03T15:15:00Z|1,common_intersection
2024-07-04 10:15:00+00:00,1.0,2024H2|F_ASIAN_RANGE_SWEEP|2024-07-04T10:30:00+00:00|1,1.0,RAW|2024-07-04|2024-07-04T10:15:00Z|1,common_intersection
2024-07-05 12:30:00+00:00,1.0,2024H2|F_ASIAN_RANGE_SWEEP|2024-07-05T12:45:00+00:00|1,1.0,RAW|2024-07-05|2024-07-05T12:30:00Z|1,common_intersection
2024-07-08 12:15:00+00:00,-1.0,2024H2|F_ASIAN_RANGE_SWEEP|2024-07-08T12:30:00+00:00|-1,-1.0,RAW|2024-07-08|2024-07-08T12:15:00Z|-1,common_intersection
2024-07-09 07:00:00+00:00,1.0,2024H2|F_ASIAN_RANGE_SWEEP|2024-07-09T07:15:00+00:00|1,1.0,RAW|2024-07-09|2024-07-09T07:00:00Z|1,common_intersection
2024-07-09 11:15:00+00:00,-1.0,2024H2|F_ASIAN_RANGE_SWEEP|2024-07-09T11:30:00+00:00|-1,-1.0,RAW|2024-07-09|2024-07-09T11:15:00Z|-1,common_intersection
2024-07-10 09:30:00+00:00,-1.0,2024H2|F_ASIAN_RANGE_SWEEP|2024-07-10T09:45:00+00:00|-1,-1.0,RAW|2024-07-10|2024-07-10T09:30:00Z|-1,common_intersection
2024-07-11 07:00:00+00:00,-1.0,2024H2|F_ASIAN_RANGE_SWEEP|2024-07-11T07:15:00+00:00|-1,-1.0,RAW|2024-07-11|2024-07-11T07:00:00Z|-1,common_intersection
2024-07-12 13:15:00+00:00,1.0,2024H2|F_ASIAN_RANGE_SWEEP|2024-07-12T13:30:00+00:00|1,1.0,RAW|2024-07-12|2024-07-12T13:15:00Z|1,common_intersection
2024-07-15 08:30:00+00:00,1.0,2024H2|F_ASIAN_RANGE_SWEEP|2024-07-15T08:45:00+00:00|1,1.0,RAW|2024-07-15|2024-07-15T08:30:00Z|1,common_intersection
2024-07-16 12:45:00+00:00,-1.0,2024H2|F_ASIAN_RANGE_SWEEP|2024-07-16T13:00:00+00:00|-1,-1.0,RAW|2024-07-16|2024-07-16T12:45:00Z|-1,common_intersection
2024-07-18 08:45:00+00:00,-1.0,2024H2|F_ASIAN_RANGE_SWEEP|2024-07-18T09:00:00+00:00|-1,-1.0,RAW|2024-07-18|2024-07-18T08:45:00Z|-1,common_intersection
2024-07-19 07:00:00+00:00,1.0,2024H2|F_ASIAN_RANGE_SWEEP|2024-07-19T07:15:00+00:00|1,1.0,RAW|2024-07-19|2024-07-19T07:00:00Z|1,common_intersection
2024-07-23 12:00:00+00:00,1.0,2024H2|F_ASIAN_RANGE_SWEEP|2024-07-23T12:15:00+00:00|1,1.0,RAW|2024-07-23|2024-07-23T12:00:00Z|1,common_intersection
2024-07-24 09:30:00+00:00,1.0,2024H2|F_ASIAN_RANGE_SWEEP|2024-07-24T09:45:00+00:00|1,1.0,RAW|2024-07-24|2024-07-24T09:30:00Z|1,common_intersection
2024-07-25 07:15:00+00:00,1.0,2024H2|F_ASIAN_RANGE_SWEEP|2024-07-25T07:30:00+00:00|1,1.0,RAW|2024-07-25|2024-07-25T07:15:00Z|1,common_intersection
2024-07-25 13:00:00+00:00,-1.0,2024H2|F_ASIAN_RANGE_SWEEP|2024-07-25T13:15:00+00:00|-1,-1.0,RAW|2024-07-25|2024-07-25T13:00:00Z|-1,common_intersection
2024-07-26 07:30:00+00:00,-1.0,2024H2|F_ASIAN_RANGE_SWEEP|2024-07-26T07:45:00+00:00|-1,-1.0,RAW|2024-07-26|2024-07-26T07:30:00Z|-1,common_intersection
2024-07-26 14:15:00+00:00,1.0,2024H2|F_ASIAN_RANGE_SWEEP|2024-07-26T14:30:00+00:00|1,1.0,RAW|2024-07-26|2024-07-26T14:15:00Z|1,common_intersection
2024-08-01 14:00:00+00:00,-1.0,2024H2|F_ASIAN_RANGE_SWEEP|2024-08-01T14:15:00+00:00|-1,-1.0,RAW|2024-08-01|2024-08-01T14:00:00Z|-1,common_intersection
2024-08-02 07:15:00+00:00,1.0,2024H2|F_ASIAN_RANGE_SWEEP|2024-08-02T07:30:00+00:00|1,1.0,RAW|2024-08-02|2024-08-02T07:15:00Z|1,common_intersection
2024-08-06 13:45:00+00:00,1.0,2024H2|F_ASIAN_RANGE_SWEEP|2024-08-06T14:00:00+00:00|1,1.0,RAW|2024-08-06|2024-08-06T13:45:00Z|1,common_intersection
2024-08-09 12:15:00+00:00,1.0,2024H2|F_ASIAN_RANGE_SWEEP|2024-08-09T12:30:00+00:00|1,1.0,RAW|2024-08-09|2024-08-09T12:15:00Z|1,common_intersection
2024-08-12 07:00:00+00:00,-1.0,2024H2|F_ASIAN_RANGE_SWEEP|2024-08-12T07:15:00+00:00|-1,-1.0,RAW|2024-08-12|2024-08-12T07:00:00Z|-1,common_intersection
2024-08-13 13:00:00+00:00,1.0,2024H2|F_ASIAN_RANGE_SWEEP|2024-08-13T13:15:00+00:00|1,1.0,RAW|2024-08-13|2024-08-13T13:00:00Z|1,common_intersection
2024-08-14 07:00:00+00:00,-1.0,2024H2|F_ASIAN_RANGE_SWEEP|2024-08-14T07:15:00+00:00|-1,-1.0,RAW|2024-08-14|2024-08-14T07:00:00Z|-1,common_intersection
2024-08-21 07:00:00+00:00,-1.0,2024H2|F_ASIAN_RANGE_SWEEP|2024-08-21T07:15:00+00:00|-1,-1.0,RAW|2024-08-21|2024-08-21T07:00:00Z|-1,common_intersection
2024-08-21 19:30:00+00:00,1.0,2024H2|F_ASIAN_RANGE_SWEEP|2024-08-21T19:45:00+00:00|1,1.0,RAW|2024-08-21|2024-08-21T19:30:00Z|1,common_intersection
2024-08-22 08:45:00+00:00,-1.0,2024H2|F_ASIAN_RANGE_SWEEP|2024-08-22T09:00:00+00:00|-1,-1.0,RAW|2024-08-22|2024-08-22T08:45:00Z|-1,common_intersection
2024-08-23 13:45:00+00:00,-1.0,2024H2|F_ASIAN_RANGE_SWEEP|2024-08-23T14:00:00+00:00|-1,-1.0,RAW|2024-08-23|2024-08-23T13:45:00Z|-1,common_intersection
2024-08-26 11:30:00+00:00,-1.0,2024H2|F_ASIAN_RANGE_SWEEP|2024-08-26T11:45:00+00:00|-1,-1.0,RAW|2024-08-26|2024-08-26T11:30:00Z|-1,common_intersection
2024-08-27 09:00:00+00:00,-1.0,2024H2|F_ASIAN_RANGE_SWEEP|2024-08-27T09:15:00+00:00|-1,-1.0,RAW|2024-08-27|2024-08-27T09:00:00Z|-1,common_intersection
2024-08-28 14:30:00+00:00,-1.0,2024H2|F_ASIAN_RANGE_SWEEP|2024-08-28T14:45:00+00:00|-1,-1.0,RAW|2024-08-28|2024-08-28T14:30:00Z|-1,common_intersection
2024-08-29 17:45:00+00:00,-1.0,2024H2|F_ASIAN_RANGE_SWEEP|2024-08-29T18:00:00+00:00|-1,-1.0,RAW|2024-08-29|2024-08-29T17:45:00Z|-1,common_intersection
2024-08-30 09:00:00+00:00,-1.0,2024H2|F_ASIAN_RANGE_SWEEP|2024-08-30T09:15:00+00:00|-1,-1.0,RAW|2024-08-30|2024-08-30T09:00:00Z|-1,common_intersection
2024-09-03 07:00:00+00:00,1.0,2024H2|F_ASIAN_RANGE_SWEEP|2024-09-03T07:15:00+00:00|1,1.0,RAW|2024-09-03|2024-09-03T07:00:00Z|1,common_intersection
2024-09-04 07:00:00+00:00,1.0,2024H2|F_ASIAN_RANGE_SWEEP|2024-09-04T07:15:00+00:00|1,1.0,RAW|2024-09-04|2024-09-04T07:00:00Z|1,common_intersection
2024-09-05 12:45:00+00:00,1.0,2024H2|F_ASIAN_RANGE_SWEEP|2024-09-05T13:00:00+00:00|1,1.0,RAW|2024-09-05|2024-09-05T12:45:00Z|1,common_intersection
2024-09-06 07:30:00+00:00,1.0,2024H2|F_ASIAN_RANGE_SWEEP|2024-09-06T07:45:00+00:00|1,1.0,RAW|2024-09-06|2024-09-06T07:30:00Z|1,common_intersection
2024-09-06 12:30:00+00:00,-1.0,2024H2|F_ASIAN_RANGE_SWEEP|2024-09-06T12:45:00+00:00|-1,,,canonical_only
2024-09-06 14:00:00+00:00,,,-1.0,RAW|2024-09-06|2024-09-06T14:00:00Z|-1,raw_only
2024-09-09 13:00:00+00:00,-1.0,2024H2|F_ASIAN_RANGE_SWEEP|2024-09-09T13:15:00+00:00|-1,-1.0,RAW|2024-09-09|2024-09-09T13:00:00Z|-1,common_intersection
2024-09-10 07:00:00+00:00,-1.0,2024H2|F_ASIAN_RANGE_SWEEP|2024-09-10T07:15:00+00:00|-1,-1.0,RAW|2024-09-10|2024-09-10T07:00:00Z|-1,common_intersection
2024-09-10 10:45:00+00:00,1.0,2024H2|F_ASIAN_RANGE_SWEEP|2024-09-10T11:00:00+00:00|1,1.0,RAW|2024-09-10|2024-09-10T10:45:00Z|1,common_intersection
2024-09-11 12:30:00+00:00,-1.0,2024H2|F_ASIAN_RANGE_SWEEP|2024-09-11T12:45:00+00:00|-1,-1.0,RAW|2024-09-11|2024-09-11T12:30:00Z|-1,common_intersection
2024-09-12 07:30:00+00:00,-1.0,2024H2|F_ASIAN_RANGE_SWEEP|2024-09-12T07:45:00+00:00|-1,-1.0,RAW|2024-09-12|2024-09-12T07:30:00Z|-1,common_intersection
2024-09-12 14:00:00+00:00,1.0,2024H2|F_ASIAN_RANGE_SWEEP|2024-09-12T14:15:00+00:00|1,1.0,RAW|2024-09-12|2024-09-12T14:00:00Z|1,common_intersection
2024-09-13 08:15:00+00:00,1.0,2024H2|F_ASIAN_RANGE_SWEEP|2024-09-13T08:30:00+00:00|1,1.0,RAW|2024-09-13|2024-09-13T08:15:00Z|1,common_intersection
2024-09-16 07:45:00+00:00,1.0,2024H2|F_ASIAN_RANGE_SWEEP|2024-09-16T08:00:00+00:00|1,1.0,RAW|2024-09-16|2024-09-16T07:45:00Z|1,common_intersection
2024-09-16 15:45:00+00:00,-1.0,2024H2|F_ASIAN_RANGE_SWEEP|2024-09-16T16:00:00+00:00|-1,-1.0,RAW|2024-09-16|2024-09-16T15:45:00Z|-1,common_intersection
2024-09-18 12:15:00+00:00,-1.0,2024H2|F_ASIAN_RANGE_SWEEP|2024-09-18T12:30:00+00:00|-1,-1.0,RAW|2024-09-18|2024-09-18T12:15:00Z|-1,common_intersection
2024-09-18 19:00:00+00:00,1.0,2024H2|F_ASIAN_RANGE_SWEEP|2024-09-18T19:15:00+00:00|1,1.0,RAW|2024-09-18|2024-09-18T19:00:00Z|1,common_intersection
2024-09-19 07:00:00+00:00,1.0,2024H2|F_ASIAN_RANGE_SWEEP|2024-09-19T07:15:00+00:00|1,1.0,RAW|2024-09-19|2024-09-19T07:00:00Z|1,common_intersection
2024-09-20 07:00:00+00:00,-1.0,2024H2|F_ASIAN_RANGE_SWEEP|2024-09-20T07:15:00+00:00|-1,-1.0,RAW|2024-09-20|2024-09-20T07:00:00Z|-1,common_intersection
2024-09-23 13:15:00+00:00,1.0,2024H2|F_ASIAN_RANGE_SWEEP|2024-09-23T13:30:00+00:00|1,1.0,RAW|2024-09-23|2024-09-23T13:15:00Z|1,common_intersection
2024-09-24 07:15:00+00:00,-1.0,2024H2|F_ASIAN_RANGE_SWEEP|2024-09-24T07:30:00+00:00|-1,-1.0,RAW|2024-09-24|2024-09-24T07:15:00Z|-1,common_intersection
2024-09-24 18:30:00+00:00,1.0,2024H2|F_ASIAN_RANGE_SWEEP|2024-09-24T18:45:00+00:00|1,1.0,RAW|2024-09-24|2024-09-24T18:30:00Z|1,common_intersection
2024-09-25 07:00:00+00:00,-1.0,2024H2|F_ASIAN_RANGE_SWEEP|2024-09-25T07:15:00+00:00|-1,-1.0,RAW|2024-09-25|2024-09-25T07:00:00Z|-1,common_intersection
2024-09-26 07:45:00+00:00,-1.0,2024H2|F_ASIAN_RANGE_SWEEP|2024-09-26T08:00:00+00:00|-1,-1.0,RAW|2024-09-26|2024-09-26T07:45:00Z|-1,common_intersection
2024-09-26 12:30:00+00:00,1.0,2024H2|F_ASIAN_RANGE_SWEEP|2024-09-26T12:45:00+00:00|1,1.0,RAW|2024-09-26|2024-09-26T12:30:00Z|1,common_intersection
2024-09-27 07:15:00+00:00,1.0,2024H2|F_ASIAN_RANGE_SWEEP|2024-09-27T07:30:00+00:00|1,1.0,RAW|2024-09-27|2024-09-27T07:15:00Z|1,common_intersection
2024-09-30 12:15:00+00:00,-1.0,2024H2|F_ASIAN_RANGE_SWEEP|2024-09-30T12:30:00+00:00|-1,-1.0,RAW|2024-09-30|2024-09-30T12:15:00Z|-1,common_intersection
2024-10-01 09:00:00+00:00,1.0,2024H2|F_ASIAN_RANGE_SWEEP|2024-10-01T09:15:00+00:00|1,1.0,RAW|2024-10-01|2024-10-01T09:00:00Z|1,common_intersection
2024-10-02 07:45:00+00:00,-1.0,2024H2|F_ASIAN_RANGE_SWEEP|2024-10-02T08:00:00+00:00|-1,-1.0,RAW|2024-10-02|2024-10-02T07:45:00Z|-1,common_intersection
2024-10-03 08:00:00+00:00,1.0,2024H2|F_ASIAN_RANGE_SWEEP|2024-10-03T08:15:00+00:00|1,1.0,RAW|2024-10-03|2024-10-03T08:00:00Z|1,common_intersection
2024-10-07 07:30:00+00:00,1.0,2024H2|F_ASIAN_RANGE_SWEEP|2024-10-07T07:45:00+00:00|1,1.0,RAW|2024-10-07|2024-10-07T07:30:00Z|1,common_intersection
2024-10-08 07:45:00+00:00,1.0,2024H2|F_ASIAN_RANGE_SWEEP|2024-10-08T08:00:00+00:00|1,1.0,RAW|2024-10-08|2024-10-08T07:45:00Z|1,common_intersection
2024-10-08 13:30:00+00:00,-1.0,2024H2|F_ASIAN_RANGE_SWEEP|2024-10-08T13:45:00+00:00|-1,-1.0,RAW|2024-10-08|2024-10-08T13:30:00Z|-1,common_intersection
2024-10-09 09:15:00+00:00,-1.0,2024H2|F_ASIAN_RANGE_SWEEP|2024-10-09T09:30:00+00:00|-1,-1.0,RAW|2024-10-09|2024-10-09T09:15:00Z|-1,common_intersection
2024-10-10 07:45:00+00:00,1.0,2024H2|F_ASIAN_RANGE_SWEEP|2024-10-10T08:00:00+00:00|1,1.0,RAW|2024-10-10|2024-10-10T07:45:00Z|1,common_intersection
2024-10-10 12:30:00+00:00,-1.0,2024H2|F_ASIAN_RANGE_SWEEP|2024-10-10T12:45:00+00:00|-1,-1.0,RAW|2024-10-10|2024-10-10T12:30:00Z|-1,common_intersection
2024-10-11 09:30:00+00:00,-1.0,2024H2|F_ASIAN_RANGE_SWEEP|2024-10-11T09:45:00+00:00|-1,-1.0,RAW|2024-10-11|2024-10-11T09:30:00Z|-1,common_intersection
2024-10-14 07:45:00+00:00,-1.0,2024H2|F_ASIAN_RANGE_SWEEP|2024-10-14T08:00:00+00:00|-1,-1.0,RAW|2024-10-14|2024-10-14T07:45:00Z|-1,common_intersection
2024-10-15 11:30:00+00:00,1.0,2024H2|F_ASIAN_RANGE_SWEEP|2024-10-15T11:45:00+00:00|1,1.0,RAW|2024-10-15|2024-10-15T11:30:00Z|1,common_intersection
2024-10-16 08:15:00+00:00,-1.0,2024H2|F_ASIAN_RANGE_SWEEP|2024-10-16T08:30:00+00:00|-1,-1.0,RAW|2024-10-16|2024-10-16T08:15:00Z|-1,common_intersection
2024-10-17 09:30:00+00:00,-1.0,2024H2|F_ASIAN_RANGE_SWEEP|2024-10-17T09:45:00+00:00|-1,-1.0,RAW|2024-10-17|2024-10-17T09:30:00Z|-1,common_intersection
2024-10-18 08:00:00+00:00,-1.0,2024H2|F_ASIAN_RANGE_SWEEP|2024-10-18T08:15:00+00:00|-1,-1.0,RAW|2024-10-18|2024-10-18T08:00:00Z|-1,common_intersection
2024-10-18 13:30:00+00:00,1.0,2024H2|F_ASIAN_RANGE_SWEEP|2024-10-18T13:45:00+00:00|1,1.0,RAW|2024-10-18|2024-10-18T13:30:00Z|1,common_intersection
2024-10-22 16:45:00+00:00,-1.0,2024H2|F_ASIAN_RANGE_SWEEP|2024-10-22T17:00:00+00:00|-1,-1.0,RAW|2024-10-22|2024-10-22T16:45:00Z|-1,common_intersection
2024-10-23 07:45:00+00:00,-1.0,2024H2|F_ASIAN_RANGE_SWEEP|2024-10-23T08:00:00+00:00|-1,-1.0,RAW|2024-10-23|2024-10-23T07:45:00Z|-1,common_intersection
2024-10-24 07:00:00+00:00,1.0,2024H2|F_ASIAN_RANGE_SWEEP|2024-10-24T07:15:00+00:00|1,1.0,RAW|2024-10-24|2024-10-24T07:00:00Z|1,common_intersection
2024-10-25 13:15:00+00:00,-1.0,2024H2|F_ASIAN_RANGE_SWEEP|2024-10-25T13:30:00+00:00|-1,-1.0,RAW|2024-10-25|2024-10-25T13:15:00Z|-1,common_intersection
2024-10-28 14:00:00+00:00,1.0,2024H2|F_ASIAN_RANGE_SWEEP|2024-10-28T14:15:00+00:00|1,1.0,RAW|2024-10-28|2024-10-28T14:00:00Z|1,common_intersection
2024-10-29 07:45:00+00:00,-1.0,2024H2|F_ASIAN_RANGE_SWEEP|2024-10-29T08:00:00+00:00|-1,-1.0,RAW|2024-10-29|2024-10-29T07:45:00Z|-1,common_intersection
2024-10-30 09:00:00+00:00,1.0,2024H2|F_ASIAN_RANGE_SWEEP|2024-10-30T09:15:00+00:00|1,1.0,RAW|2024-10-30|2024-10-30T09:00:00Z|1,common_intersection
2024-10-30 12:30:00+00:00,-1.0,2024H2|F_ASIAN_RANGE_SWEEP|2024-10-30T12:45:00+00:00|-1,-1.0,RAW|2024-10-30|2024-10-30T12:30:00Z|-1,common_intersection
2024-10-31 07:00:00+00:00,1.0,2024H2|F_ASIAN_RANGE_SWEEP|2024-10-31T07:15:00+00:00|1,1.0,RAW|2024-10-31|2024-10-31T07:00:00Z|1,common_intersection
2024-11-01 08:00:00+00:00,-1.0,2024H2|F_ASIAN_RANGE_SWEEP|2024-11-01T08:15:00+00:00|-1,-1.0,RAW|2024-11-01|2024-11-01T08:00:00Z|-1,common_intersection
2024-11-01 12:30:00+00:00,1.0,2024H2|F_ASIAN_RANGE_SWEEP|2024-11-01T12:45:00+00:00|1,,,canonical_only
2024-11-01 12:45:00+00:00,,,1.0,RAW|2024-11-01|2024-11-01T12:45:00Z|1,raw_only
2024-11-04 11:30:00+00:00,1.0,2024H2|F_ASIAN_RANGE_SWEEP|2024-11-04T11:45:00+00:00|1,1.0,RAW|2024-11-04|2024-11-04T11:30:00Z|1,common_intersection
2024-11-05 09:30:00+00:00,1.0,2024H2|F_ASIAN_RANGE_SWEEP|2024-11-05T09:45:00+00:00|1,1.0,RAW|2024-11-05|2024-11-05T09:30:00Z|1,common_intersection
2024-11-06 13:00:00+00:00,-1.0,2024H2|F_ASIAN_RANGE_SWEEP|2024-11-06T13:15:00+00:00|-1,-1.0,RAW|2024-11-06|2024-11-06T13:00:00Z|-1,common_intersection
2024-11-07 07:45:00+00:00,1.0,2024H2|F_ASIAN_RANGE_SWEEP|2024-11-07T08:00:00+00:00|1,1.0,RAW|2024-11-07|2024-11-07T07:45:00Z|1,common_intersection
2024-11-08 08:30:00+00:00,1.0,2024H2|F_ASIAN_RANGE_SWEEP|2024-11-08T08:45:00+00:00|1,1.0,RAW|2024-11-08|2024-11-08T08:30:00Z|1,common_intersection
2024-11-11 09:45:00+00:00,-1.0,2024H2|F_ASIAN_RANGE_SWEEP|2024-11-11T10:00:00+00:00|-1,-1.0,RAW|2024-11-11|2024-11-11T09:45:00Z|-1,common_intersection
2024-11-12 10:45:00+00:00,-1.0,2024H2|F_ASIAN_RANGE_SWEEP|2024-11-12T11:00:00+00:00|-1,-1.0,RAW|2024-11-12|2024-11-12T10:45:00Z|-1,common_intersection
2024-11-13 08:30:00+00:00,-1.0,2024H2|F_ASIAN_RANGE_SWEEP|2024-11-13T08:45:00+00:00|-1,-1.0,RAW|2024-11-13|2024-11-13T08:30:00Z|-1,common_intersection
2024-11-13 13:30:00+00:00,1.0,2024H2|F_ASIAN_RANGE_SWEEP|2024-11-13T13:45:00+00:00|1,1.0,RAW|2024-11-13|2024-11-13T13:30:00Z|1,common_intersection
2024-11-14 09:45:00+00:00,-1.0,2024H2|F_ASIAN_RANGE_SWEEP|2024-11-14T10:00:00+00:00|-1,-1.0,RAW|2024-11-14|2024-11-14T09:45:00Z|-1,common_intersection
2024-11-18 12:00:00+00:00,-1.0,2024H2|F_ASIAN_RANGE_SWEEP|2024-11-18T12:15:00+00:00|-1,-1.0,RAW|2024-11-18|2024-11-18T12:00:00Z|-1,common_intersection
2024-11-19 07:15:00+00:00,-1.0,2024H2|F_ASIAN_RANGE_SWEEP|2024-11-19T07:30:00+00:00|-1,-1.0,RAW|2024-11-19|2024-11-19T07:15:00Z|-1,common_intersection
2024-11-19 11:30:00+00:00,1.0,2024H2|F_ASIAN_RANGE_SWEEP|2024-11-19T11:45:00+00:00|1,1.0,RAW|2024-11-19|2024-11-19T11:30:00Z|1,common_intersection
2024-11-20 15:00:00+00:00,-1.0,2024H2|F_ASIAN_RANGE_SWEEP|2024-11-20T15:15:00+00:00|-1,-1.0,RAW|2024-11-20|2024-11-20T15:00:00Z|-1,common_intersection
2024-11-21 11:30:00+00:00,1.0,2024H2|F_ASIAN_RANGE_SWEEP|2024-11-21T11:45:00+00:00|1,1.0,RAW|2024-11-21|2024-11-21T11:30:00Z|1,common_intersection
2024-11-22 14:45:00+00:00,-1.0,2024H2|F_ASIAN_RANGE_SWEEP|2024-11-22T15:00:00+00:00|-1,-1.0,RAW|2024-11-22|2024-11-22T14:45:00Z|-1,common_intersection
2024-11-25 09:45:00+00:00,-1.0,2024H2|F_ASIAN_RANGE_SWEEP|2024-11-25T10:00:00+00:00|-1,-1.0,RAW|2024-11-25|2024-11-25T09:45:00Z|-1,common_intersection
2024-11-26 14:00:00+00:00,1.0,2024H2|F_ASIAN_RANGE_SWEEP|2024-11-26T14:15:00+00:00|1,1.0,RAW|2024-11-26|2024-11-26T14:00:00Z|1,common_intersection
2024-11-27 07:00:00+00:00,1.0,2024H2|F_ASIAN_RANGE_SWEEP|2024-11-27T07:15:00+00:00|1,1.0,RAW|2024-11-27|2024-11-27T07:00:00Z|1,common_intersection
2024-11-28 08:00:00+00:00,-1.0,2024H2|F_ASIAN_RANGE_SWEEP|2024-11-28T08:15:00+00:00|-1,-1.0,RAW|2024-11-28|2024-11-28T08:00:00Z|-1,common_intersection
2024-11-29 07:45:00+00:00,1.0,2024H2|F_ASIAN_RANGE_SWEEP|2024-11-29T08:00:00+00:00|1,1.0,RAW|2024-11-29|2024-11-29T07:45:00Z|1,common_intersection
2024-12-02 15:00:00+00:00,1.0,2024H2|F_ASIAN_RANGE_SWEEP|2024-12-02T15:15:00+00:00|1,1.0,RAW|2024-12-02|2024-12-02T15:00:00Z|1,common_intersection
2024-12-03 16:15:00+00:00,1.0,2024H2|F_ASIAN_RANGE_SWEEP|2024-12-03T16:30:00+00:00|1,1.0,RAW|2024-12-03|2024-12-03T16:15:00Z|1,common_intersection
2024-12-04 16:15:00+00:00,-1.0,2024H2|F_ASIAN_RANGE_SWEEP|2024-12-04T16:30:00+00:00|-1,-1.0,RAW|2024-12-04|2024-12-04T16:15:00Z|-1,common_intersection
2024-12-05 08:00:00+00:00,1.0,2024H2|F_ASIAN_RANGE_SWEEP|2024-12-05T08:15:00+00:00|1,1.0,RAW|2024-12-05|2024-12-05T08:00:00Z|1,common_intersection
2024-12-05 13:45:00+00:00,-1.0,2024H2|F_ASIAN_RANGE_SWEEP|2024-12-05T14:00:00+00:00|-1,-1.0,RAW|2024-12-05|2024-12-05T13:45:00Z|-1,common_intersection
2024-12-06 13:30:00+00:00,-1.0,2024H2|F_ASIAN_RANGE_SWEEP|2024-12-06T13:45:00+00:00|-1,-1.0,RAW|2024-12-06|2024-12-06T13:30:00Z|-1,common_intersection
2024-12-09 07:15:00+00:00,-1.0,2024H2|F_ASIAN_RANGE_SWEEP|2024-12-09T07:30:00+00:00|-1,-1.0,RAW|2024-12-09|2024-12-09T07:15:00Z|-1,common_intersection
2024-12-10 09:00:00+00:00,-1.0,2024H2|F_ASIAN_RANGE_SWEEP|2024-12-10T09:15:00+00:00|-1,-1.0,RAW|2024-12-10|2024-12-10T09:00:00Z|-1,common_intersection
2024-12-11 09:00:00+00:00,1.0,2024H2|F_ASIAN_RANGE_SWEEP|2024-12-11T09:15:00+00:00|1,1.0,RAW|2024-12-11|2024-12-11T09:00:00Z|1,common_intersection
2024-12-12 13:45:00+00:00,1.0,2024H2|F_ASIAN_RANGE_SWEEP|2024-12-12T14:00:00+00:00|1,1.0,RAW|2024-12-12|2024-12-12T13:45:00Z|1,common_intersection
2024-12-17 09:00:00+00:00,1.0,2024H2|F_ASIAN_RANGE_SWEEP|2024-12-17T09:15:00+00:00|1,1.0,RAW|2024-12-17|2024-12-17T09:00:00Z|1,common_intersection
2024-12-18 14:30:00+00:00,-1.0,2024H2|F_ASIAN_RANGE_SWEEP|2024-12-18T14:45:00+00:00|-1,-1.0,RAW|2024-12-18|2024-12-18T14:30:00Z|-1,common_intersection
2024-12-20 07:15:00+00:00,1.0,2024H2|F_ASIAN_RANGE_SWEEP|2024-12-20T07:30:00+00:00|1,1.0,RAW|2024-12-20|2024-12-20T07:15:00Z|1,common_intersection
2024-12-23 08:00:00+00:00,-1.0,2024H2|F_ASIAN_RANGE_SWEEP|2024-12-23T08:15:00+00:00|-1,-1.0,RAW|2024-12-23|2024-12-23T08:00:00Z|-1,common_intersection
2024-12-25 07:45:00+00:00,1.0,2024H2|F_ASIAN_RANGE_SWEEP|2024-12-25T22:00:00+00:00|1,1.0,RAW|2024-12-25|2024-12-25T07:45:00Z|1,common_intersection
2024-12-27 16:30:00+00:00,1.0,2024H2|F_ASIAN_RANGE_SWEEP|2024-12-27T16:45:00+00:00|1,1.0,RAW|2024-12-27|2024-12-27T16:30:00Z|1,common_intersection
2024-12-31 07:30:00+00:00,1.0,2024H2|F_ASIAN_RANGE_SWEEP|2024-12-31T07:45:00+00:00|1,1.0,RAW|2024-12-31|2024-12-31T07:30:00Z|1,common_intersection
2024-12-31 13:45:00+00:00,-1.0,2024H2|F_ASIAN_RANGE_SWEEP|2024-12-31T14:00:00+00:00|-1,-1.0,RAW|2024-12-31|2024-12-31T13:45:00Z|-1,common_intersection
