candidate_id,family,horizon_bars,support_gate,core_gate,full_gate,minimum_fold_trades,minimum_fold_default_net_pips,minimum_fold_severe_net_pips,fourfold_default_net_pips,fourfold_severe_net_pips,full_gate_folds
R1A01_legacy_impulse_lb3_ny,impulse_breakout,1,True,False,False,390,-318.456321,-1270.268964,-79.539821,-3441.419462,1
R1A01_legacy_impulse_lb3_ny,impulse_breakout,2,True,False,False,390,-694.356321,-1646.168964,-484.989821,-3846.869462,2
R1A01_legacy_impulse_lb3_ny,impulse_breakout,3,True,False,False,390,-948.256321,-1900.068964,-532.189821,-3894.069462,2
R1A01_legacy_impulse_lb3_ny,impulse_breakout,4,True,False,False,390,-1035.956321,-1987.768964,-364.789821,-3726.669462,1
R1A01_legacy_impulse_lb3_ny,impulse_breakout,6,True,False,False,390,-1784.456321,-2736.268964,-1042.839821,-4404.719462,1
R1A01_legacy_impulse_lb3_ny,impulse_breakout,8,True,False,False,390,-1566.256321,-2518.068964,-127.589821,-3489.469462,2
R1A01_legacy_impulse_lb3_ny,impulse_breakout,12,True,False,False,390,-1014.356321,-1966.168964,-689.639821,-4051.519462,1
R1A01_legacy_impulse_lb3_ny,impulse_breakout,16,True,False,False,390,-1082.800000,-1878.168964,-937.639821,-4299.519462,0
R1A01_legacy_impulse_lb3_ny,impulse_breakout,24,True,False,False,388,-1450.600000,-2226.600000,-1898.411949,-5241.035848,0
R1A01_legacy_impulse_lb3_ny,impulse_breakout,32,True,False,False,381,-1565.000000,-2327.000000,-431.422995,-3726.368984,0
R1A01_legacy_impulse_lb3_ny,impulse_breakout,48,True,False,False,365,-1336.500000,-2066.500000,1036.409762,-2147.170715,1
R1A02_impulse_lb6_med8_x1,impulse_breakout,1,True,False,False,1570,-1709.075869,-6005.627607,-3477.179084,-17926.237251,0
R1A02_impulse_lb6_med8_x1,impulse_breakout,2,True,False,False,1570,-2329.525869,-6626.077607,-3985.679084,-18434.737251,0
R1A02_impulse_lb6_med8_x1,impulse_breakout,3,True,False,False,1570,-2820.775869,-7117.327607,-5241.229084,-19690.287251,0
R1A02_impulse_lb6_med8_x1,impulse_breakout,4,True,False,False,1570,-3476.425869,-7772.977607,-5258.079084,-19707.137251,0
R1A02_impulse_lb6_med8_x1,impulse_breakout,6,True,False,False,1570,-2633.425869,-6929.977607,-4081.879084,-18530.937251,0
R1A02_impulse_lb6_med8_x1,impulse_breakout,8,True,False,False,1569,-2364.675869,-6661.227607,-4137.529084,-18584.587251,0
R1A02_impulse_lb6_med8_x1,impulse_breakout,12,True,False,False,1565,-2344.075869,-6640.627607,-4965.144836,-19395.434509,0
R1A02_impulse_lb6_med8_x1,impulse_breakout,16,True,False,False,1563,-2194.100000,-5871.827450,-4855.078114,-19267.534342,0
R1A02_impulse_lb6_med8_x1,impulse_breakout,24,True,False,False,1558,-2999.352475,-7258.557426,-5656.557342,-20003.872025,0
R1A02_impulse_lb6_med8_x1,impulse_breakout,32,True,False,False,1553,-2578.800000,-5946.800000,530.147945,-13777.756166,0
R1A02_impulse_lb6_med8_x1,impulse_breakout,48,True,False,False,1528,-1601.800000,-4933.800000,4206.436986,-9916.589042,0
R1A03_impulse_lb12_med12_x125,impulse_breakout,1,True,False,False,978,-721.063721,-3287.191163,-1752.136096,-10516.408288,0
R1A03_impulse_lb12_med12_x125,impulse_breakout,2,True,False,False,978,-1284.063721,-3850.191163,-2178.186096,-10942.458288,0
R1A03_impulse_lb12_med12_x125,impulse_breakout,3,True,False,False,978,-1263.863721,-3829.991163,-2849.786096,-11614.058288,0
R1A03_impulse_lb12_med12_x125,impulse_breakout,4,True,False,False,978,-1261.713721,-3827.841163,-2067.186096,-10831.458288,0
R1A03_impulse_lb12_med12_x125,impulse_breakout,6,True,False,False,978,-1081.700000,-3247.441163,-1713.036096,-10477.308288,0
R1A03_impulse_lb12_med12_x125,impulse_breakout,8,True,False,False,977,-669.713721,-3235.841163,-1017.636096,-9779.908288,0
R1A03_impulse_lb12_med12_x125,impulse_breakout,12,True,False,False,976,-673.400000,-2643.400000,-139.286096,-8897.558288,0
R1A03_impulse_lb12_med12_x125,impulse_breakout,16,True,False,False,975,-1485.500000,-3455.500000,115.416815,-8635.949555,0
R1A03_impulse_lb12_med12_x125,impulse_breakout,24,True,False,False,972,-1929.100000,-3979.100000,-2211.433117,-10933.699350,0
R1A03_impulse_lb12_med12_x125,impulse_breakout,32,True,False,False,969,-1731.200000,-3775.200000,3048.804430,-5652.486711,0
R1A03_impulse_lb12_med12_x125,impulse_breakout,48,True,False,False,949,-1916.700000,-3936.700000,6314.187473,-2271.437582,1
R1A04_impulse_lb24_med16_x125,impulse_breakout,1,True,False,False,754,-638.637419,-2571.512257,-1387.937069,-8094.811206,0
R1A04_impulse_lb24_med16_x125,impulse_breakout,2,True,False,False,754,-762.800000,-2626.762257,-1843.287069,-8550.161206,0
R1A04_impulse_lb24_med16_x125,impulse_breakout,3,True,False,False,754,-946.700000,-2581.462257,-2398.887069,-9105.761206,0
R1A04_impulse_lb24_med16_x125,impulse_breakout,4,True,False,False,754,-708.300000,-2572.062257,-1699.787069,-8406.661206,0
R1A04_impulse_lb24_med16_x125,impulse_breakout,6,True,False,False,754,-1004.700000,-2862.462257,-2359.887069,-9066.761206,0
R1A04_impulse_lb24_med16_x125,impulse_breakout,8,True,False,False,753,-1127.837419,-3060.712257,-1719.187069,-8424.061206,0
R1A04_impulse_lb24_med16_x125,impulse_breakout,12,True,False,False,753,-727.300000,-2275.300000,-1981.537069,-8684.411206,0
R1A04_impulse_lb24_med16_x125,impulse_breakout,16,True,False,False,753,-1404.500000,-2952.500000,-2296.537069,-8999.411206,0
R1A04_impulse_lb24_med16_x125,impulse_breakout,24,True,False,False,753,-2861.300000,-4409.300000,-3910.688247,-10596.064740,0
R1A04_impulse_lb24_med16_x125,impulse_breakout,32,True,False,False,751,-3655.000000,-5195.000000,1475.230996,-5189.207013,1
R1A04_impulse_lb24_med16_x125,impulse_breakout,48,True,False,False,739,-3586.800000,-5112.800000,3435.560164,-3147.519509,1
R1A05_impulse_lb48_med24_x15,impulse_breakout,1,True,False,False,465,-339.522117,-1487.566351,-395.385764,-4453.157293,0
R1A05_impulse_lb48_med24_x15,impulse_breakout,2,True,False,False,465,-731.200000,-1667.200000,-57.235764,-4115.007293,2
R1A05_impulse_lb48_med24_x15,impulse_breakout,3,True,False,False,465,-759.100000,-1695.100000,-496.635764,-4554.407293,1
R1A05_impulse_lb48_med24_x15,impulse_breakout,4,True,False,False,465,-727.600000,-1663.600000,-419.585764,-4477.357293,1
R1A05_impulse_lb48_med24_x15,impulse_breakout,6,True,False,False,465,-675.500000,-1611.500000,0.464236,-4057.307293,1
R1A05_impulse_lb48_med24_x15,impulse_breakout,8,True,False,False,465,-125.713647,-1228.966351,1181.564236,-2876.207293,1
R1A05_impulse_lb48_med24_x15,impulse_breakout,12,True,False,False,465,-18.900000,-954.900000,1732.214236,-2325.557293,1
R1A05_impulse_lb48_med24_x15,impulse_breakout,16,True,False,False,465,-107.600000,-1043.600000,2634.164236,-1423.607293,1
R1A05_impulse_lb48_med24_x15,impulse_breakout,24,True,False,False,463,-1589.100000,-2525.100000,1386.169325,-2663.892024,1
R1A05_impulse_lb48_med24_x15,impulse_breakout,32,True,False,False,462,-2340.400000,-3272.400000,5272.289037,1233.067111,2
R1A05_impulse_lb48_med24_x15,impulse_breakout,48,True,False,False,457,-2210.100000,-3136.100000,5475.213768,1482.841303,0
R1B01_legacy_asia_00_06_breakout,session_range_breakout,1,True,False,False,110,-65.363168,-308.469728,1.246923,-984.959230,0
R1B01_legacy_asia_00_06_breakout,session_range_breakout,2,True,False,False,110,-191.800000,-445.800000,-55.903077,-1042.109230,0
R1B01_legacy_asia_00_06_breakout,session_range_breakout,3,True,False,False,110,-492.000000,-746.000000,-309.853077,-1296.059230,0
R1B01_legacy_asia_00_06_breakout,session_range_breakout,4,True,False,False,110,-378.000000,-632.000000,-170.203077,-1156.409230,0
R1B01_legacy_asia_00_06_breakout,session_range_breakout,6,True,False,False,110,-443.100000,-697.100000,72.946923,-913.259230,0
R1B01_legacy_asia_00_06_breakout,session_range_breakout,8,True,False,False,110,-660.400000,-914.400000,-54.403077,-1040.609230,1
R1B01_legacy_asia_00_06_breakout,session_range_breakout,12,True,False,False,110,-570.600000,-824.600000,77.096923,-909.109230,2
R1B01_legacy_asia_00_06_breakout,session_range_breakout,16,True,False,False,110,-970.000000,-1224.000000,-529.403077,-1515.609230,1
R1B01_legacy_asia_00_06_breakout,session_range_breakout,24,True,False,False,110,-939.700000,-1193.700000,-1164.903077,-2151.109230,0
R1B01_legacy_asia_00_06_breakout,session_range_breakout,32,True,False,False,110,-1363.300000,-1617.300000,-161.003077,-1147.209230,2
R1B01_legacy_asia_00_06_breakout,session_range_breakout,48,True,False,False,108,-1445.400000,-1699.400000,48.688888,-931.033337,2
R1B02_legacy_asia_00_07_breakout,session_range_breakout,1,True,False,False,99,-8.076864,-219.930593,192.059980,-721.620059,0
R1B02_legacy_asia_00_07_breakout,session_range_breakout,2,True,False,False,99,-143.000000,-387.000000,190.459980,-723.220059,0
R1B02_legacy_asia_00_07_breakout,session_range_breakout,3,True,False,False,99,-379.600000,-623.600000,19.909980,-893.770059,0
R1B02_legacy_asia_00_07_breakout,session_range_breakout,4,True,False,False,99,-257.600000,-501.600000,78.259980,-835.420059,0
R1B02_legacy_asia_00_07_breakout,session_range_breakout,6,True,False,False,99,-341.600000,-585.600000,119.309980,-794.370059,0
R1B02_legacy_asia_00_07_breakout,session_range_breakout,8,True,False,False,99,-481.600000,-725.600000,183.909980,-729.770059,1
R1B02_legacy_asia_00_07_breakout,session_range_breakout,12,True,False,False,99,-562.400000,-806.400000,229.809980,-683.870059,2
R1B02_legacy_asia_00_07_breakout,session_range_breakout,16,True,False,False,99,-687.500000,-931.500000,99.909980,-813.770059,2
R1B02_legacy_asia_00_07_breakout,session_range_breakout,24,True,False,False,99,-721.300000,-965.300000,120.809980,-792.870059,2
R1B02_legacy_asia_00_07_breakout,session_range_breakout,32,True,False,False,99,-1235.300000,-1479.300000,1256.959980,343.279941,3
R1B02_legacy_asia_00_07_breakout,session_range_breakout,48,True,False,False,97,-1418.800000,-1660.800000,1158.001945,252.805835,2
R1B03_legacy_prior_day_breakout,session_range_breakout,1,True,False,False,93,-349.900000,-589.900000,-413.381589,-1299.844766,0
R1B03_legacy_prior_day_breakout,session_range_breakout,2,True,False,False,93,-569.400000,-809.400000,-429.731589,-1316.194766,1
R1B03_legacy_prior_day_breakout,session_range_breakout,3,True,False,False,93,-681.200000,-921.200000,-472.731589,-1359.194766,1
R1B03_legacy_prior_day_breakout,session_range_breakout,4,True,False,False,93,-597.900000,-837.900000,11.418411,-875.044766,1
R1B03_legacy_prior_day_breakout,session_range_breakout,6,True,False,False,93,-1046.500000,-1286.500000,-319.731589,-1206.194766,1
R1B03_legacy_prior_day_breakout,session_range_breakout,8,True,False,False,93,-855.200000,-1095.200000,-431.181589,-1317.644766,1
R1B03_legacy_prior_day_breakout,session_range_breakout,12,True,False,False,93,-839.300000,-1079.300000,-556.931589,-1443.394766,0
R1B03_legacy_prior_day_breakout,session_range_breakout,16,True,False,False,93,-647.800000,-887.800000,-490.831589,-1377.294766,0
R1B03_legacy_prior_day_breakout,session_range_breakout,24,True,False,False,93,-623.200000,-863.200000,-931.681589,-1818.144766,0
R1B03_legacy_prior_day_breakout,session_range_breakout,32,True,False,False,93,-708.600000,-948.600000,-59.531589,-943.994766,1
R1B03_legacy_prior_day_breakout,session_range_breakout,48,True,False,False,92,-424.200000,-662.200000,685.838597,-189.884208,1
R1B04_london_open_07_09_breakout,session_range_breakout,1,True,False,False,132,-181.600000,-451.213915,-370.421198,-1536.763593,1
R1B04_london_open_07_09_breakout,session_range_breakout,2,True,False,False,132,-68.500000,-339.013915,109.478802,-1056.863593,1
R1B04_london_open_07_09_breakout,session_range_breakout,3,True,False,False,132,-140.100000,-406.100000,62.028802,-1104.313593,0
R1B04_london_open_07_09_breakout,session_range_breakout,4,True,False,False,132,-116.900000,-382.900000,148.678802,-1017.663593,0
R1B04_london_open_07_09_breakout,session_range_breakout,6,True,False,False,132,26.978695,-276.763915,683.128802,-483.213593,1
R1B04_london_open_07_09_breakout,session_range_breakout,8,True,False,False,132,51.200000,-214.800000,970.578802,-195.763593,1
R1B04_london_open_07_09_breakout,session_range_breakout,12,True,False,False,132,-178.300000,-444.300000,844.228802,-322.113593,1
R1B04_london_open_07_09_breakout,session_range_breakout,16,True,False,False,132,-283.600000,-549.600000,1003.028802,-163.313593,1
R1B04_london_open_07_09_breakout,session_range_breakout,24,True,False,False,132,-317.100000,-609.100000,1362.078802,195.736407,1
R1B04_london_open_07_09_breakout,session_range_breakout,32,True,False,False,132,-169.000000,-461.000000,2110.478802,944.136407,1
R1B04_london_open_07_09_breakout,session_range_breakout,48,True,False,False,130,-154.100000,-414.100000,2097.265500,957.596500,1
R1B05_london_morning_07_13_breakout,session_range_breakout,1,True,False,False,101,-308.100000,-522.100000,-438.357739,-1332.173217,0
R1B05_london_morning_07_13_breakout,session_range_breakout,2,True,False,False,101,-243.100000,-457.100000,-291.657739,-1185.473217,1
R1B05_london_morning_07_13_breakout,session_range_breakout,3,True,False,False,101,-413.513207,-653.939620,-182.857739,-1076.673217,1
R1B05_london_morning_07_13_breakout,session_range_breakout,4,True,False,False,101,-248.313207,-488.739620,286.642261,-607.173217,1
R1B05_london_morning_07_13_breakout,session_range_breakout,6,True,False,False,101,-347.444532,-582.833597,222.942261,-670.873217,1
R1B05_london_morning_07_13_breakout,session_range_breakout,8,True,False,False,101,-548.094532,-783.483597,-59.607739,-953.423217,1
R1B05_london_morning_07_13_breakout,session_range_breakout,12,True,False,False,101,-527.594532,-762.983597,33.342261,-860.473217,1
R1B05_london_morning_07_13_breakout,session_range_breakout,16,True,False,False,101,-421.544532,-656.933597,149.792261,-744.023217,1
R1B05_london_morning_07_13_breakout,session_range_breakout,24,True,False,False,99,-734.144532,-969.533597,129.728623,-759.414131,1
R1B05_london_morning_07_13_breakout,session_range_breakout,32,True,False,False,99,-234.666735,-465.900205,947.056420,68.069261,2
R1B05_london_morning_07_13_breakout,session_range_breakout,48,True,False,False,96,-621.719865,-844.459596,727.768254,-117.795238,1
