opportunity_id,authority_present,reproduced_present,fold_mismatch,signal_utc_mismatch,entry_utc_mismatch,exit_utc_mismatch,side_mismatch,entry_bid_abs_delta,exit_bid_abs_delta,net_pips_abs_delta,normalized_pl_jpy_abs_delta
2023H1|F_ASIAN_RANGE_SWEEP|2023-01-03T08:45:00+00:00|-1,True,True,False,False,False,False,False,0.0,0.0,5.551115123125783e-17,4.440892098500626e-16
2023H1|F_ASIAN_RANGE_SWEEP|2023-01-04T12:15:00+00:00|1,True,True,False,False,False,False,False,0.0,0.0,0.0,0.0
2023H1|F_ASIAN_RANGE_SWEEP|2023-01-05T09:00:00+00:00|-1,True,True,False,False,False,False,False,0.0,0.0,0.0,0.0
2023H1|F_ASIAN_RANGE_SWEEP|2023-01-06T08:15:00+00:00|-1,True,True,False,False,False,False,False,0.0,0.0,0.0,0.0
2023H1|F_ASIAN_RANGE_SWEEP|2023-01-06T14:00:00+00:00|1,True,True,False,False,False,False,False,0.0,0.0,0.0,0.0
2023H1|F_ASIAN_RANGE_SWEEP|2023-01-09T08:45:00+00:00|-1,True,True,False,False,False,False,False,0.0,0.0,0.0,0.0
2023H1|F_ASIAN_RANGE_SWEEP|2023-01-10T07:30:00+00:00|-1,True,True,False,False,False,False,False,0.0,0.0,0.0,0.0
2023H1|F_ASIAN_RANGE_SWEEP|2023-01-11T08:45:00+00:00|-1,True,True,False,False,False,False,False,0.0,0.0,0.0,0.0
2023H1|F_ASIAN_RANGE_SWEEP|2023-01-13T09:30:00+00:00|1,True,True,False,False,False,False,False,0.0,0.0,0.0,0.0
2023H1|F_ASIAN_RANGE_SWEEP|2023-01-16T11:30:00+00:00|-1,True,True,False,False,False,False,False,0.0,0.0,0.0,0.0
2023H1|F_ASIAN_RANGE_SWEEP|2023-01-17T14:30:00+00:00|1,True,True,False,False,False,False,False,0.0,0.0,0.0,0.0
2023H1|F_ASIAN_RANGE_SWEEP|2023-01-18T13:45:00+00:00|1,True,True,False,False,False,False,False,0.0,0.0,0.0,0.0
2023H1|F_ASIAN_RANGE_SWEEP|2023-01-19T11:45:00+00:00|-1,True,True,False,False,False,False,False,0.0,0.0,0.0,0.0
2023H1|F_ASIAN_RANGE_SWEEP|2023-01-23T07:45:00+00:00|-1,True,True,False,False,False,False,False,0.0,0.0,0.0,0.0
2023H1|F_ASIAN_RANGE_SWEEP|2023-01-24T07:15:00+00:00|1,True,True,False,False,False,False,False,0.0,0.0,0.0,0.0
2023H1|F_ASIAN_RANGE_SWEEP|2023-01-24T15:15:00+00:00|-1,True,True,False,False,False,False,False,0.0,0.0,0.0,0.0
2023H1|F_ASIAN_RANGE_SWEEP|2023-01-25T09:15:00+00:00|1,True,True,False,False,False,False,False,0.0,0.0,0.0,0.0
2023H1|F_ASIAN_RANGE_SWEEP|2023-01-26T08:00:00+00:00|-1,True,True,False,False,False,False,False,0.0,0.0,0.0,0.0
2023H1|F_ASIAN_RANGE_SWEEP|2023-01-27T07:15:00+00:00|-1,True,True,False,False,False,False,False,0.0,0.0,3.552713678800501e-15,0.0
2023H1|F_ASIAN_RANGE_SWEEP|2023-01-30T14:30:00+00:00|-1,True,True,False,False,False,False,False,0.0,0.0,0.0,0.0
2023H1|F_ASIAN_RANGE_SWEEP|2023-01-31T08:00:00+00:00|1,True,True,False,False,False,False,False,0.0,0.0,0.0,0.0
2023H1|F_ASIAN_RANGE_SWEEP|2023-02-01T08:00:00+00:00|-1,True,True,False,False,False,False,False,0.0,0.0,0.0,5.684341886080802e-14
2023H1|F_ASIAN_RANGE_SWEEP|2023-02-02T08:45:00+00:00|-1,True,True,False,False,False,False,False,0.0,0.0,0.0,0.0
2023H1|F_ASIAN_RANGE_SWEEP|2023-02-02T13:45:00+00:00|1,True,True,False,False,False,False,False,0.0,0.0,0.0,0.0
2023H1|F_ASIAN_RANGE_SWEEP|2023-02-03T11:00:00+00:00|1,True,True,False,False,False,False,False,0.0,0.0,0.0,2.2737367544323206e-13
2023H1|F_ASIAN_RANGE_SWEEP|2023-02-07T07:15:00+00:00|1,True,True,False,False,False,False,False,0.0,0.0,0.0,0.0
2023H1|F_ASIAN_RANGE_SWEEP|2023-02-08T09:30:00+00:00|1,True,True,False,False,False,False,False,0.0,0.0,0.0,0.0
2023H1|F_ASIAN_RANGE_SWEEP|2023-02-08T14:45:00+00:00|-1,True,True,False,False,False,False,False,0.0,0.0,0.0,0.0
2023H1|F_ASIAN_RANGE_SWEEP|2023-02-09T10:30:00+00:00|1,True,True,False,False,False,False,False,0.0,0.0,0.0,0.0
2023H1|F_ASIAN_RANGE_SWEEP|2023-02-10T16:30:00+00:00|1,True,True,False,False,False,False,False,0.0,0.0,0.0,0.0
2023H1|F_ASIAN_RANGE_SWEEP|2023-02-14T13:45:00+00:00|-1,True,True,False,False,False,False,False,0.0,0.0,0.0,0.0
2023H1|F_ASIAN_RANGE_SWEEP|2023-02-15T07:15:00+00:00|-1,True,True,False,False,False,False,False,0.0,0.0,0.0,0.0
2023H1|F_ASIAN_RANGE_SWEEP|2023-02-16T08:30:00+00:00|1,True,True,False,False,False,False,False,0.0,0.0,0.0,2.842170943040401e-14
2023H1|F_ASIAN_RANGE_SWEEP|2023-02-16T13:45:00+00:00|-1,True,True,False,False,False,False,False,0.0,0.0,0.0,0.0
2023H1|F_ASIAN_RANGE_SWEEP|2023-02-17T07:30:00+00:00|-1,True,True,False,False,False,False,False,0.0,0.0,0.0,0.0
2023H1|F_ASIAN_RANGE_SWEEP|2023-02-20T13:45:00+00:00|1,True,True,False,False,False,False,False,0.0,0.0,0.0,0.0
2023H1|F_ASIAN_RANGE_SWEEP|2023-02-22T12:30:00+00:00|1,True,True,False,False,False,False,False,0.0,0.0,0.0,0.0
2023H1|F_ASIAN_RANGE_SWEEP|2023-02-23T12:00:00+00:00|-1,True,True,False,False,False,False,False,0.0,0.0,0.0,0.0
2023H1|F_ASIAN_RANGE_SWEEP|2023-02-23T15:30:00+00:00|1,True,True,False,False,False,False,False,0.0,0.0,0.0,0.0
2023H1|F_ASIAN_RANGE_SWEEP|2023-02-24T08:15:00+00:00|-1,True,True,False,False,False,False,False,0.0,0.0,0.0,0.0
2023H1|F_ASIAN_RANGE_SWEEP|2023-02-27T13:45:00+00:00|1,True,True,False,False,False,False,False,0.0,0.0,1.7763568394002505e-15,2.842170943040401e-14
2023H1|F_ASIAN_RANGE_SWEEP|2023-02-28T15:15:00+00:00|-1,True,True,False,False,False,False,False,0.0,0.0,7.105427357601002e-15,0.0
2023H1|F_ASIAN_RANGE_SWEEP|2023-03-01T15:15:00+00:00|1,True,True,False,False,False,False,False,0.0,0.0,3.552713678800501e-15,2.842170943040401e-14
2023H1|F_ASIAN_RANGE_SWEEP|2023-03-02T08:15:00+00:00|-1,True,True,False,False,False,False,False,0.0,0.0,0.0,0.0
2023H1|F_ASIAN_RANGE_SWEEP|2023-03-03T09:00:00+00:00|1,True,True,False,False,False,False,False,0.0,0.0,0.0,5.684341886080802e-14
2023H1|F_ASIAN_RANGE_SWEEP|2023-03-06T10:15:00+00:00|-1,True,True,False,False,False,False,False,0.0,0.0,0.0,0.0
2023H1|F_ASIAN_RANGE_SWEEP|2023-03-07T10:00:00+00:00|1,True,True,False,False,False,False,False,0.0,0.0,0.0,0.0
2023H1|F_ASIAN_RANGE_SWEEP|2023-03-07T13:30:00+00:00|-1,True,True,False,False,False,False,False,0.0,0.0,0.0,0.0
2023H1|F_ASIAN_RANGE_SWEEP|2023-03-08T12:00:00+00:00|1,True,True,False,False,False,False,False,0.0,0.0,0.0,0.0
2023H1|F_ASIAN_RANGE_SWEEP|2023-03-09T07:30:00+00:00|1,True,True,False,False,False,False,False,0.0,0.0,0.0,0.0
2023H1|F_ASIAN_RANGE_SWEEP|2023-03-10T10:30:00+00:00|-1,True,True,False,False,False,False,False,0.0,0.0,0.0,0.0
2023H1|F_ASIAN_RANGE_SWEEP|2023-03-13T10:15:00+00:00|1,True,True,False,False,False,False,False,0.0,0.0,0.0,0.0
2023H1|F_ASIAN_RANGE_SWEEP|2023-03-14T10:00:00+00:00|-1,True,True,False,False,False,False,False,0.0,0.0,0.0,0.0
2023H1|F_ASIAN_RANGE_SWEEP|2023-03-15T07:30:00+00:00|-1,True,True,False,False,False,False,False,0.0,0.0,0.0,0.0
2023H1|F_ASIAN_RANGE_SWEEP|2023-03-16T14:00:00+00:00|1,True,True,False,False,False,False,False,0.0,0.0,1.4210854715202004e-14,0.0
2023H1|F_ASIAN_RANGE_SWEEP|2023-03-16T18:15:00+00:00|-1,True,True,False,False,False,False,False,0.0,0.0,1.7763568394002505e-15,1.4210854715202004e-14
2023H1|F_ASIAN_RANGE_SWEEP|2023-03-20T07:15:00+00:00|1,True,True,False,False,False,False,False,0.0,0.0,0.0,0.0
2023H1|F_ASIAN_RANGE_SWEEP|2023-03-21T13:45:00+00:00|-1,True,True,False,False,False,False,False,0.0,0.0,0.0,0.0
2023H1|F_ASIAN_RANGE_SWEEP|2023-03-22T12:15:00+00:00|-1,True,True,False,False,False,False,False,0.0,0.0,0.0,0.0
2023H1|F_ASIAN_RANGE_SWEEP|2023-03-23T14:45:00+00:00|-1,True,True,False,False,False,False,False,0.0,0.0,7.105427357601002e-15,5.684341886080802e-14
2023H1|F_ASIAN_RANGE_SWEEP|2023-03-23T18:15:00+00:00|1,True,True,False,False,False,False,False,0.0,0.0,0.0,0.0
2023H1|F_ASIAN_RANGE_SWEEP|2023-03-24T07:30:00+00:00|1,True,True,False,False,False,False,False,0.0,0.0,0.0,0.0
2023H1|F_ASIAN_RANGE_SWEEP|2023-03-24T13:15:00+00:00|-1,True,True,False,False,False,False,False,0.0,0.0,0.0,0.0
2023H1|F_ASIAN_RANGE_SWEEP|2023-03-27T07:15:00+00:00|-1,True,True,False,False,False,False,False,0.0,0.0,0.0,0.0
2023H1|F_ASIAN_RANGE_SWEEP|2023-03-28T08:00:00+00:00|-1,True,True,False,False,False,False,False,0.0,0.0,0.0,0.0
2023H1|F_ASIAN_RANGE_SWEEP|2023-03-28T12:45:00+00:00|1,True,True,False,False,False,False,False,0.0,0.0,0.0,0.0
2023H1|F_ASIAN_RANGE_SWEEP|2023-03-29T07:15:00+00:00|-1,True,True,False,False,False,False,False,0.0,0.0,0.0,0.0
2023H1|F_ASIAN_RANGE_SWEEP|2023-03-30T07:15:00+00:00|1,True,True,False,False,False,False,False,0.0,0.0,0.0,0.0
2023H1|F_ASIAN_RANGE_SWEEP|2023-03-30T13:00:00+00:00|-1,True,True,False,False,False,False,False,0.0,0.0,0.0,0.0
2023H1|F_ASIAN_RANGE_SWEEP|2023-03-31T09:00:00+00:00|-1,True,True,False,False,False,False,False,0.0,0.0,0.0,0.0
2023H1|F_ASIAN_RANGE_SWEEP|2023-03-31T19:15:00+00:00|1,True,True,False,False,False,False,False,0.0,0.0,0.0,0.0
2023H1|F_ASIAN_RANGE_SWEEP|2023-04-03T14:00:00+00:00|1,True,True,False,False,False,False,False,0.0,0.0,7.105427357601002e-15,5.684341886080802e-14
2023H1|F_ASIAN_RANGE_SWEEP|2023-04-04T09:30:00+00:00|-1,True,True,False,False,False,False,False,0.0,0.0,0.0,0.0
2023H1|F_ASIAN_RANGE_SWEEP|2023-04-05T08:30:00+00:00|1,True,True,False,False,False,False,False,0.0,0.0,3.552713678800501e-15,2.842170943040401e-14
2023H1|F_ASIAN_RANGE_SWEEP|2023-04-06T10:30:00+00:00|-1,True,True,False,False,False,False,False,0.0,0.0,0.0,0.0
2023H1|F_ASIAN_RANGE_SWEEP|2023-04-07T11:15:00+00:00|1,True,True,False,False,False,False,False,0.0,0.0,0.0,0.0
2023H1|F_ASIAN_RANGE_SWEEP|2023-04-10T08:45:00+00:00|1,True,True,False,False,False,False,False,0.0,0.0,0.0,0.0
2023H1|F_ASIAN_RANGE_SWEEP|2023-04-11T07:30:00+00:00|1,True,True,False,False,False,False,False,0.0,0.0,0.0,7.105427357601002e-15
2023H1|F_ASIAN_RANGE_SWEEP|2023-04-11T16:15:00+00:00|-1,True,True,False,False,False,False,False,0.0,0.0,1.7763568394002505e-15,1.4210854715202004e-14
2023H1|F_ASIAN_RANGE_SWEEP|2023-04-12T07:15:00+00:00|1,True,True,False,False,False,False,False,0.0,0.0,0.0,0.0
2023H1|F_ASIAN_RANGE_SWEEP|2023-04-13T08:30:00+00:00|1,True,True,False,False,False,False,False,0.0,0.0,0.0,0.0
2023H1|F_ASIAN_RANGE_SWEEP|2023-04-13T12:00:00+00:00|-1,True,True,False,False,False,False,False,0.0,0.0,0.0,0.0
2023H1|F_ASIAN_RANGE_SWEEP|2023-04-14T08:15:00+00:00|1,True,True,False,False,False,False,False,0.0,0.0,0.0,0.0
2023H1|F_ASIAN_RANGE_SWEEP|2023-04-14T12:00:00+00:00|-1,True,True,False,False,False,False,False,0.0,0.0,0.0,0.0
2023H1|F_ASIAN_RANGE_SWEEP|2023-04-18T08:30:00+00:00|1,True,True,False,False,False,False,False,0.0,0.0,0.0,0.0
2023H1|F_ASIAN_RANGE_SWEEP|2023-04-19T08:00:00+00:00|-1,True,True,False,False,False,False,False,0.0,0.0,0.0,0.0
2023H1|F_ASIAN_RANGE_SWEEP|2023-04-21T10:45:00+00:00|1,True,True,False,False,False,False,False,0.0,0.0,0.0,0.0
2023H1|F_ASIAN_RANGE_SWEEP|2023-04-21T16:15:00+00:00|-1,True,True,False,False,False,False,False,0.0,0.0,0.0,0.0
2023H1|F_ASIAN_RANGE_SWEEP|2023-04-24T14:45:00+00:00|-1,True,True,False,False,False,False,False,0.0,0.0,0.0,0.0
2023H1|F_ASIAN_RANGE_SWEEP|2023-04-25T10:45:00+00:00|1,True,True,False,False,False,False,False,0.0,0.0,0.0,0.0
2023H1|F_ASIAN_RANGE_SWEEP|2023-04-26T08:00:00+00:00|1,True,True,False,False,False,False,False,0.0,0.0,0.0,0.0
2023H1|F_ASIAN_RANGE_SWEEP|2023-04-26T11:45:00+00:00|-1,True,True,False,False,False,False,False,0.0,0.0,0.0,0.0
2023H1|F_ASIAN_RANGE_SWEEP|2023-04-27T08:30:00+00:00|-1,True,True,False,False,False,False,False,0.0,0.0,0.0,0.0
2023H1|F_ASIAN_RANGE_SWEEP|2023-04-27T12:45:00+00:00|1,True,True,False,False,False,False,False,0.0,0.0,0.0,0.0
2023H1|F_ASIAN_RANGE_SWEEP|2023-04-28T07:30:00+00:00|-1,True,True,False,False,False,False,False,0.0,0.0,0.0,0.0
2023H1|F_ASIAN_RANGE_SWEEP|2023-05-02T11:15:00+00:00|1,True,True,False,False,False,False,False,0.0,0.0,0.0,0.0
2023H1|F_ASIAN_RANGE_SWEEP|2023-05-03T07:30:00+00:00|1,True,True,False,False,False,False,False,0.0,0.0,0.0,0.0
2023H1|F_ASIAN_RANGE_SWEEP|2023-05-04T08:15:00+00:00|-1,True,True,False,False,False,False,False,0.0,0.0,1.7763568394002505e-15,0.0
2023H1|F_ASIAN_RANGE_SWEEP|2023-05-04T14:15:00+00:00|1,True,True,False,False,False,False,False,0.0,0.0,0.0,0.0
2023H1|F_ASIAN_RANGE_SWEEP|2023-05-05T10:45:00+00:00|-1,True,True,False,False,False,False,False,0.0,0.0,0.0,0.0
2023H1|F_ASIAN_RANGE_SWEEP|2023-05-08T12:00:00+00:00|-1,True,True,False,False,False,False,False,0.0,0.0,0.0,0.0
2023H1|F_ASIAN_RANGE_SWEEP|2023-05-09T13:30:00+00:00|-1,True,True,False,False,False,False,False,0.0,0.0,0.0,0.0
2023H1|F_ASIAN_RANGE_SWEEP|2023-05-11T11:15:00+00:00|-1,True,True,False,False,False,False,False,0.0,0.0,1.7763568394002505e-15,2.842170943040401e-14
2023H1|F_ASIAN_RANGE_SWEEP|2023-05-12T07:15:00+00:00|-1,True,True,False,False,False,False,False,0.0,0.0,0.0,0.0
2023H1|F_ASIAN_RANGE_SWEEP|2023-05-15T10:00:00+00:00|-1,True,True,False,False,False,False,False,0.0,0.0,0.0,0.0
2023H1|F_ASIAN_RANGE_SWEEP|2023-05-16T07:15:00+00:00|1,True,True,False,False,False,False,False,0.0,0.0,0.0,0.0
2023H1|F_ASIAN_RANGE_SWEEP|2023-05-16T12:45:00+00:00|-1,True,True,False,False,False,False,False,0.0,0.0,0.0,0.0
2023H1|F_ASIAN_RANGE_SWEEP|2023-05-17T07:30:00+00:00|-1,True,True,False,False,False,False,False,0.0,0.0,0.0,0.0
2023H1|F_ASIAN_RANGE_SWEEP|2023-05-18T10:15:00+00:00|-1,True,True,False,False,False,False,False,0.0,0.0,0.0,0.0
2023H1|F_ASIAN_RANGE_SWEEP|2023-05-19T07:15:00+00:00|1,True,True,False,False,False,False,False,0.0,0.0,0.0,0.0
2023H1|F_ASIAN_RANGE_SWEEP|2023-05-23T07:45:00+00:00|1,True,True,False,False,False,False,False,0.0,0.0,5.551115123125783e-17,0.0
2023H1|F_ASIAN_RANGE_SWEEP|2023-05-23T13:00:00+00:00|-1,True,True,False,False,False,False,False,0.0,0.0,1.7763568394002505e-15,1.4210854715202004e-14
2023H1|F_ASIAN_RANGE_SWEEP|2023-05-24T07:15:00+00:00|-1,True,True,False,False,False,False,False,0.0,0.0,0.0,0.0
2023H1|F_ASIAN_RANGE_SWEEP|2023-05-25T12:45:00+00:00|-1,True,True,False,False,False,False,False,0.0,0.0,0.0,0.0
2023H1|F_ASIAN_RANGE_SWEEP|2023-05-26T07:45:00+00:00|1,True,True,False,False,False,False,False,0.0,0.0,0.0,0.0
2023H1|F_ASIAN_RANGE_SWEEP|2023-05-26T13:00:00+00:00|-1,True,True,False,False,False,False,False,0.0,0.0,0.0,0.0
2023H1|F_ASIAN_RANGE_SWEEP|2023-05-29T09:45:00+00:00|1,True,True,False,False,False,False,False,0.0,0.0,0.0,0.0
2023H1|F_ASIAN_RANGE_SWEEP|2023-05-30T11:30:00+00:00|1,True,True,False,False,False,False,False,0.0,0.0,0.0,0.0
2023H1|F_ASIAN_RANGE_SWEEP|2023-05-31T09:30:00+00:00|-1,True,True,False,False,False,False,False,0.0,0.0,0.0,2.842170943040401e-14
2023H1|F_ASIAN_RANGE_SWEEP|2023-05-31T18:15:00+00:00|1,True,True,False,False,False,False,False,0.0,0.0,0.0,0.0
2023H1|F_ASIAN_RANGE_SWEEP|2023-06-01T10:00:00+00:00|-1,True,True,False,False,False,False,False,0.0,0.0,0.0,0.0
2023H1|F_ASIAN_RANGE_SWEEP|2023-06-01T13:30:00+00:00|1,True,True,False,False,False,False,False,0.0,0.0,0.0,0.0
2023H1|F_ASIAN_RANGE_SWEEP|2023-06-02T08:15:00+00:00|-1,True,True,False,False,False,False,False,0.0,0.0,0.0,0.0
2023H1|F_ASIAN_RANGE_SWEEP|2023-06-05T08:15:00+00:00|-1,True,True,False,False,False,False,False,0.0,0.0,0.0,0.0
2023H1|F_ASIAN_RANGE_SWEEP|2023-06-05T14:00:00+00:00|1,True,True,False,False,False,False,False,0.0,0.0,0.0,0.0
2023H1|F_ASIAN_RANGE_SWEEP|2023-06-06T08:00:00+00:00|1,True,True,False,False,False,False,False,0.0,0.0,0.0,0.0
2023H1|F_ASIAN_RANGE_SWEEP|2023-06-06T13:15:00+00:00|-1,True,True,False,False,False,False,False,0.0,0.0,0.0,0.0
2023H1|F_ASIAN_RANGE_SWEEP|2023-06-07T13:00:00+00:00|-1,True,True,False,False,False,False,False,0.0,0.0,0.0,0.0
2023H1|F_ASIAN_RANGE_SWEEP|2023-06-08T09:00:00+00:00|1,True,True,False,False,False,False,False,0.0,0.0,0.0,0.0
2023H1|F_ASIAN_RANGE_SWEEP|2023-06-09T07:45:00+00:00|-1,True,True,False,False,False,False,False,0.0,0.0,0.0,0.0
2023H1|F_ASIAN_RANGE_SWEEP|2023-06-12T11:30:00+00:00|1,True,True,False,False,False,False,False,0.0,0.0,0.0,0.0
2023H1|F_ASIAN_RANGE_SWEEP|2023-06-12T15:00:00+00:00|-1,True,True,False,False,False,False,False,0.0,0.0,2.220446049250313e-16,0.0
2023H1|F_ASIAN_RANGE_SWEEP|2023-06-13T12:30:00+00:00|1,True,True,False,False,False,False,False,0.0,0.0,0.0,0.0
2023H1|F_ASIAN_RANGE_SWEEP|2023-06-14T07:15:00+00:00|-1,True,True,False,False,False,False,False,0.0,0.0,1.7763568394002505e-15,0.0
2023H1|F_ASIAN_RANGE_SWEEP|2023-06-14T12:00:00+00:00|1,True,True,False,False,False,False,False,0.0,0.0,0.0,0.0
2023H1|F_ASIAN_RANGE_SWEEP|2023-06-15T07:45:00+00:00|-1,True,True,False,False,False,False,False,0.0,0.0,3.552713678800501e-15,2.842170943040401e-14
2023H1|F_ASIAN_RANGE_SWEEP|2023-06-16T07:45:00+00:00|-1,True,True,False,False,False,False,False,0.0,0.0,0.0,0.0
2023H1|F_ASIAN_RANGE_SWEEP|2023-06-19T09:15:00+00:00|-1,True,True,False,False,False,False,False,0.0,0.0,0.0,0.0
2023H1|F_ASIAN_RANGE_SWEEP|2023-06-20T08:45:00+00:00|1,True,True,False,False,False,False,False,0.0,0.0,3.552713678800501e-15,2.842170943040401e-14
2023H1|F_ASIAN_RANGE_SWEEP|2023-06-21T07:15:00+00:00|-1,True,True,False,False,False,False,False,0.0,0.0,0.0,1.7763568394002505e-15
2023H1|F_ASIAN_RANGE_SWEEP|2023-06-22T07:15:00+00:00|-1,True,True,False,False,False,False,False,0.0,0.0,0.0,0.0
2023H1|F_ASIAN_RANGE_SWEEP|2023-06-23T07:45:00+00:00|1,True,True,False,False,False,False,False,0.0,0.0,0.0,5.684341886080802e-14
2023H1|F_ASIAN_RANGE_SWEEP|2023-06-26T07:15:00+00:00|1,True,True,False,False,False,False,False,0.0,0.0,1.7763568394002505e-15,0.0
2023H1|F_ASIAN_RANGE_SWEEP|2023-06-26T14:45:00+00:00|-1,True,True,False,False,False,False,False,0.0,0.0,0.0,0.0
2023H1|F_ASIAN_RANGE_SWEEP|2023-06-27T11:45:00+00:00|-1,True,True,False,False,False,False,False,0.0,0.0,0.0,0.0
2023H1|F_ASIAN_RANGE_SWEEP|2023-06-28T07:15:00+00:00|-1,True,True,False,False,False,False,False,0.0,0.0,0.0,0.0
2023H1|F_ASIAN_RANGE_SWEEP|2023-06-29T12:45:00+00:00|-1,True,True,False,False,False,False,False,0.0,0.0,0.0,0.0
2023H1|F_ASIAN_RANGE_SWEEP|2023-06-30T13:00:00+00:00|1,True,True,False,False,False,False,False,0.0,0.0,0.0,0.0
2023H2|F_ASIAN_RANGE_SWEEP|2023-07-03T07:15:00+00:00|-1,True,True,False,False,False,False,False,0.0,0.0,0.0,0.0
2023H2|F_ASIAN_RANGE_SWEEP|2023-07-03T14:30:00+00:00|1,True,True,False,False,False,False,False,0.0,0.0,0.0,2.842170943040401e-14
2023H2|F_ASIAN_RANGE_SWEEP|2023-07-04T09:30:00+00:00|1,True,True,False,False,False,False,False,0.0,0.0,0.0,0.0
2023H2|F_ASIAN_RANGE_SWEEP|2023-07-05T07:15:00+00:00|-1,True,True,False,False,False,False,False,0.0,0.0,3.552713678800501e-15,0.0
2023H2|F_ASIAN_RANGE_SWEEP|2023-07-05T11:30:00+00:00|1,True,True,False,False,False,False,False,0.0,0.0,0.0,0.0
2023H2|F_ASIAN_RANGE_SWEEP|2023-07-06T07:30:00+00:00|1,True,True,False,False,False,False,False,0.0,0.0,0.0,0.0
2023H2|F_ASIAN_RANGE_SWEEP|2023-07-06T14:15:00+00:00|-1,True,True,False,False,False,False,False,0.0,0.0,0.0,0.0
2023H2|F_ASIAN_RANGE_SWEEP|2023-07-10T12:15:00+00:00|1,True,True,False,False,False,False,False,0.0,0.0,0.0,0.0
2023H2|F_ASIAN_RANGE_SWEEP|2023-07-11T07:15:00+00:00|1,True,True,False,False,False,False,False,0.0,0.0,0.0,0.0
2023H2|F_ASIAN_RANGE_SWEEP|2023-07-13T12:45:00+00:00|-1,True,True,False,False,False,False,False,0.0,0.0,0.0,0.0
2023H2|F_ASIAN_RANGE_SWEEP|2023-07-13T16:30:00+00:00|1,True,True,False,False,False,False,False,0.0,0.0,0.0,0.0
2023H2|F_ASIAN_RANGE_SWEEP|2023-07-14T07:15:00+00:00|-1,True,True,False,False,False,False,False,0.0,0.0,0.0,0.0
2023H2|F_ASIAN_RANGE_SWEEP|2023-07-17T07:45:00+00:00|-1,True,True,False,False,False,False,False,0.0,0.0,0.0,0.0
2023H2|F_ASIAN_RANGE_SWEEP|2023-07-17T12:15:00+00:00|1,True,True,False,False,False,False,False,0.0,0.0,0.0,0.0
2023H2|F_ASIAN_RANGE_SWEEP|2023-07-18T07:30:00+00:00|1,True,True,False,False,False,False,False,0.0,0.0,0.0,0.0
2023H2|F_ASIAN_RANGE_SWEEP|2023-07-18T14:15:00+00:00|-1,True,True,False,False,False,False,False,0.0,0.0,0.0,0.0
2023H2|F_ASIAN_RANGE_SWEEP|2023-07-19T12:15:00+00:00|-1,True,True,False,False,False,False,False,0.0,0.0,0.0,0.0
2023H2|F_ASIAN_RANGE_SWEEP|2023-07-20T12:15:00+00:00|-1,True,True,False,False,False,False,False,0.0,0.0,0.0,0.0
2023H2|F_ASIAN_RANGE_SWEEP|2023-07-21T07:15:00+00:00|-1,True,True,False,False,False,False,False,0.0,0.0,0.0,0.0
2023H2|F_ASIAN_RANGE_SWEEP|2023-07-24T07:15:00+00:00|1,True,True,False,False,False,False,False,0.0,0.0,0.0,0.0
2023H2|F_ASIAN_RANGE_SWEEP|2023-07-25T11:30:00+00:00|-1,True,True,False,False,False,False,False,0.0,0.0,3.552713678800501e-15,0.0
2023H2|F_ASIAN_RANGE_SWEEP|2023-07-26T17:00:00+00:00|1,True,True,False,False,False,False,False,0.0,0.0,0.0,0.0
2023H2|F_ASIAN_RANGE_SWEEP|2023-07-27T17:15:00+00:00|-1,True,True,False,False,False,False,False,0.0,0.0,0.0,0.0
2023H2|F_ASIAN_RANGE_SWEEP|2023-07-28T19:30:00+00:00|-1,True,True,False,False,False,False,False,0.0,0.0,0.0,2.842170943040401e-14
2023H2|F_ASIAN_RANGE_SWEEP|2023-07-31T08:15:00+00:00|-1,True,True,False,False,False,False,False,0.0,0.0,0.0,0.0
2023H2|F_ASIAN_RANGE_SWEEP|2023-08-02T09:30:00+00:00|1,True,True,False,False,False,False,False,0.0,0.0,0.0,0.0
2023H2|F_ASIAN_RANGE_SWEEP|2023-08-02T15:45:00+00:00|-1,True,True,False,False,False,False,False,0.0,0.0,0.0,0.0
2023H2|F_ASIAN_RANGE_SWEEP|2023-08-04T12:45:00+00:00|-1,True,True,False,False,False,False,False,0.0,0.0,0.0,0.0
2023H2|F_ASIAN_RANGE_SWEEP|2023-08-07T07:15:00+00:00|-1,True,True,False,False,False,False,False,0.0,0.0,3.552713678800501e-15,2.842170943040401e-14
2023H2|F_ASIAN_RANGE_SWEEP|2023-08-08T19:00:00+00:00|-1,True,True,False,False,False,False,False,0.0,0.0,0.0,0.0
2023H2|F_ASIAN_RANGE_SWEEP|2023-08-09T09:15:00+00:00|-1,True,True,False,False,False,False,False,0.0,0.0,0.0,0.0
2023H2|F_ASIAN_RANGE_SWEEP|2023-08-10T12:45:00+00:00|1,True,True,False,False,False,False,False,0.0,0.0,0.0,0.0
2023H2|F_ASIAN_RANGE_SWEEP|2023-08-11T08:30:00+00:00|1,True,True,False,False,False,False,False,0.0,0.0,0.0,0.0
2023H2|F_ASIAN_RANGE_SWEEP|2023-08-11T16:15:00+00:00|-1,True,True,False,False,False,False,False,0.0,0.0,0.0,1.4210854715202004e-14
2023H2|F_ASIAN_RANGE_SWEEP|2023-08-14T16:30:00+00:00|-1,True,True,False,False,False,False,False,0.0,0.0,0.0,0.0
2023H2|F_ASIAN_RANGE_SWEEP|2023-08-15T07:15:00+00:00|-1,True,True,False,False,False,False,False,0.0,0.0,0.0,0.0
2023H2|F_ASIAN_RANGE_SWEEP|2023-08-15T13:30:00+00:00|1,True,True,False,False,False,False,False,0.0,0.0,0.0,0.0
2023H2|F_ASIAN_RANGE_SWEEP|2023-08-17T07:30:00+00:00|1,True,True,False,False,False,False,False,0.0,0.0,3.552713678800501e-15,2.842170943040401e-14
2023H2|F_ASIAN_RANGE_SWEEP|2023-08-18T08:00:00+00:00|1,True,True,False,False,False,False,False,0.0,0.0,0.0,0.0
2023H2|F_ASIAN_RANGE_SWEEP|2023-08-21T08:30:00+00:00|-1,True,True,False,False,False,False,False,0.0,0.0,0.0,0.0
2023H2|F_ASIAN_RANGE_SWEEP|2023-08-22T07:15:00+00:00|1,True,True,False,False,False,False,False,0.0,0.0,0.0,0.0
2023H2|F_ASIAN_RANGE_SWEEP|2023-08-23T07:45:00+00:00|1,True,True,False,False,False,False,False,0.0,0.0,0.0,0.0
2023H2|F_ASIAN_RANGE_SWEEP|2023-08-24T07:30:00+00:00|-1,True,True,False,False,False,False,False,0.0,0.0,0.0,0.0
2023H2|F_ASIAN_RANGE_SWEEP|2023-08-25T08:00:00+00:00|1,True,True,False,False,False,False,False,0.0,0.0,1.7763568394002505e-15,2.842170943040401e-14
2023H2|F_ASIAN_RANGE_SWEEP|2023-08-25T14:15:00+00:00|-1,True,True,False,False,False,False,False,0.0,0.0,0.0,0.0
2023H2|F_ASIAN_RANGE_SWEEP|2023-08-28T08:45:00+00:00|-1,True,True,False,False,False,False,False,0.0,0.0,0.0,0.0
2023H2|F_ASIAN_RANGE_SWEEP|2023-08-29T10:00:00+00:00|-1,True,True,False,False,False,False,False,0.0,0.0,0.0,0.0
2023H2|F_ASIAN_RANGE_SWEEP|2023-08-29T14:45:00+00:00|1,True,True,False,False,False,False,False,0.0,0.0,0.0,0.0
2023H2|F_ASIAN_RANGE_SWEEP|2023-08-30T07:15:00+00:00|-1,True,True,False,False,False,False,False,0.0,0.0,0.0,0.0
2023H2|F_ASIAN_RANGE_SWEEP|2023-08-30T13:00:00+00:00|1,True,True,False,False,False,False,False,0.0,0.0,0.0,0.0
2023H2|F_ASIAN_RANGE_SWEEP|2023-08-31T07:45:00+00:00|1,True,True,False,False,False,False,False,0.0,0.0,0.0,0.0
2023H2|F_ASIAN_RANGE_SWEEP|2023-08-31T13:30:00+00:00|-1,True,True,False,False,False,False,False,0.0,0.0,0.0,0.0
2023H2|F_ASIAN_RANGE_SWEEP|2023-09-01T14:00:00+00:00|1,True,True,False,False,False,False,False,0.0,0.0,0.0,0.0
2023H2|F_ASIAN_RANGE_SWEEP|2023-09-04T07:15:00+00:00|-1,True,True,False,False,False,False,False,0.0,0.0,0.0,0.0
2023H2|F_ASIAN_RANGE_SWEEP|2023-09-05T07:45:00+00:00|-1,True,True,False,False,False,False,False,0.0,0.0,3.552713678800501e-15,2.842170943040401e-14
2023H2|F_ASIAN_RANGE_SWEEP|2023-09-07T07:45:00+00:00|1,True,True,False,False,False,False,False,0.0,0.0,0.0,0.0
2023H2|F_ASIAN_RANGE_SWEEP|2023-09-08T07:30:00+00:00|-1,True,True,False,False,False,False,False,0.0,0.0,0.0,3.552713678800501e-15
2023H2|F_ASIAN_RANGE_SWEEP|2023-09-11T07:45:00+00:00|1,True,True,False,False,False,False,False,0.0,0.0,0.0,0.0
2023H2|F_ASIAN_RANGE_SWEEP|2023-09-12T11:00:00+00:00|-1,True,True,False,False,False,False,False,0.0,0.0,0.0,0.0
2023H2|F_ASIAN_RANGE_SWEEP|2023-09-13T12:30:00+00:00|-1,True,True,False,False,False,False,False,0.0,0.0,0.0,2.842170943040401e-14
2023H2|F_ASIAN_RANGE_SWEEP|2023-09-14T10:00:00+00:00|-1,True,True,False,False,False,False,False,0.0,0.0,0.0,0.0
2023H2|F_ASIAN_RANGE_SWEEP|2023-09-14T15:15:00+00:00|1,True,True,False,False,False,False,False,0.0,0.0,0.0,0.0
2023H2|F_ASIAN_RANGE_SWEEP|2023-09-15T14:45:00+00:00|-1,True,True,False,False,False,False,False,0.0,0.0,1.7763568394002505e-15,0.0
2023H2|F_ASIAN_RANGE_SWEEP|2023-09-19T18:30:00+00:00|-1,True,True,False,False,False,False,False,0.0,0.0,0.0,0.0
2023H2|F_ASIAN_RANGE_SWEEP|2023-09-20T07:15:00+00:00|-1,True,True,False,False,False,False,False,0.0,0.0,2.220446049250313e-16,0.0
2023H2|F_ASIAN_RANGE_SWEEP|2023-09-20T14:00:00+00:00|1,True,True,False,False,False,False,False,0.0,0.0,0.0,0.0
2023H2|F_ASIAN_RANGE_SWEEP|2023-09-21T08:30:00+00:00|1,True,True,False,False,False,False,False,0.0,0.0,0.0,0.0
2023H2|F_ASIAN_RANGE_SWEEP|2023-09-27T11:45:00+00:00|-1,True,True,False,False,False,False,False,0.0,0.0,0.0,0.0
2023H2|F_ASIAN_RANGE_SWEEP|2023-09-28T07:30:00+00:00|1,True,True,False,False,False,False,False,0.0,0.0,0.0,0.0
2023H2|F_ASIAN_RANGE_SWEEP|2023-09-29T08:00:00+00:00|1,True,True,False,False,False,False,False,0.0,0.0,0.0,0.0
2023H2|F_ASIAN_RANGE_SWEEP|2023-10-02T13:45:00+00:00|-1,True,True,False,False,False,False,False,0.0,0.0,0.0,0.0
2023H2|F_ASIAN_RANGE_SWEEP|2023-10-03T07:15:00+00:00|1,True,True,False,False,False,False,False,0.0,0.0,1.7763568394002505e-15,0.0
2023H2|F_ASIAN_RANGE_SWEEP|2023-10-03T13:00:00+00:00|-1,True,True,False,False,False,False,False,0.0,0.0,0.0,0.0
2023H2|F_ASIAN_RANGE_SWEEP|2023-10-04T09:30:00+00:00|1,True,True,False,False,False,False,False,0.0,0.0,0.0,0.0
2023H2|F_ASIAN_RANGE_SWEEP|2023-10-05T08:15:00+00:00|-1,True,True,False,False,False,False,False,0.0,0.0,0.0,0.0
2023H2|F_ASIAN_RANGE_SWEEP|2023-10-06T12:30:00+00:00|-1,True,True,False,False,False,False,False,0.0,0.0,0.0,0.0
2023H2|F_ASIAN_RANGE_SWEEP|2023-10-10T08:30:00+00:00|-1,True,True,False,False,False,False,False,0.0,0.0,0.0,0.0
2023H2|F_ASIAN_RANGE_SWEEP|2023-10-11T12:45:00+00:00|-1,True,True,False,False,False,False,False,0.0,0.0,0.0,0.0
2023H2|F_ASIAN_RANGE_SWEEP|2023-10-13T10:15:00+00:00|1,True,True,False,False,False,False,False,0.0,0.0,0.0,0.0
2023H2|F_ASIAN_RANGE_SWEEP|2023-10-16T07:15:00+00:00|-1,True,True,False,False,False,False,False,0.0,0.0,0.0,0.0
2023H2|F_ASIAN_RANGE_SWEEP|2023-10-17T10:15:00+00:00|-1,True,True,False,False,False,False,False,0.0,0.0,0.0,0.0
2023H2|F_ASIAN_RANGE_SWEEP|2023-10-18T15:00:00+00:00|-1,True,True,False,False,False,False,False,0.0,0.0,5.551115123125783e-17,0.0
2023H2|F_ASIAN_RANGE_SWEEP|2023-10-19T08:30:00+00:00|-1,True,True,False,False,False,False,False,0.0,0.0,0.0,0.0
2023H2|F_ASIAN_RANGE_SWEEP|2023-10-20T08:30:00+00:00|-1,True,True,False,False,False,False,False,0.0,0.0,0.0,0.0
2023H2|F_ASIAN_RANGE_SWEEP|2023-10-20T17:30:00+00:00|1,True,True,False,False,False,False,False,0.0,0.0,0.0,0.0
2023H2|F_ASIAN_RANGE_SWEEP|2023-10-23T11:15:00+00:00|-1,True,True,False,False,False,False,False,0.0,0.0,0.0,0.0
2023H2|F_ASIAN_RANGE_SWEEP|2023-10-23T16:00:00+00:00|1,True,True,False,False,False,False,False,0.0,0.0,0.0,2.842170943040401e-14
2023H2|F_ASIAN_RANGE_SWEEP|2023-10-24T07:30:00+00:00|1,True,True,False,False,False,False,False,0.0,0.0,0.0,0.0
2023H2|F_ASIAN_RANGE_SWEEP|2023-10-24T11:30:00+00:00|-1,True,True,False,False,False,False,False,0.0,0.0,0.0,0.0
2023H2|F_ASIAN_RANGE_SWEEP|2023-10-25T10:30:00+00:00|-1,True,True,False,False,False,False,False,0.0,0.0,2.220446049250313e-16,0.0
2023H2|F_ASIAN_RANGE_SWEEP|2023-10-27T08:30:00+00:00|1,True,True,False,False,False,False,False,0.0,0.0,0.0,0.0
2023H2|F_ASIAN_RANGE_SWEEP|2023-10-30T12:00:00+00:00|-1,True,True,False,False,False,False,False,0.0,0.0,0.0,0.0
2023H2|F_ASIAN_RANGE_SWEEP|2023-11-01T10:00:00+00:00|1,True,True,False,False,False,False,False,0.0,0.0,0.0,7.105427357601002e-15
2023H2|F_ASIAN_RANGE_SWEEP|2023-11-02T12:45:00+00:00|1,True,True,False,False,False,False,False,0.0,0.0,0.0,0.0
2023H2|F_ASIAN_RANGE_SWEEP|2023-11-06T08:15:00+00:00|-1,True,True,False,False,False,False,False,0.0,0.0,8.881784197001252e-16,7.105427357601002e-15
2023H2|F_ASIAN_RANGE_SWEEP|2023-11-07T08:30:00+00:00|-1,True,True,False,False,False,False,False,0.0,0.0,0.0,0.0
2023H2|F_ASIAN_RANGE_SWEEP|2023-11-08T07:45:00+00:00|-1,True,True,False,False,False,False,False,0.0,0.0,0.0,0.0
2023H2|F_ASIAN_RANGE_SWEEP|2023-11-09T10:15:00+00:00|-1,True,True,False,False,False,False,False,0.0,0.0,0.0,0.0
2023H2|F_ASIAN_RANGE_SWEEP|2023-11-10T07:45:00+00:00|-1,True,True,False,False,False,False,False,0.0,0.0,0.0,0.0
2023H2|F_ASIAN_RANGE_SWEEP|2023-11-13T08:15:00+00:00|-1,True,True,False,False,False,False,False,0.0,0.0,0.0,0.0
2023H2|F_ASIAN_RANGE_SWEEP|2023-11-13T15:15:00+00:00|1,True,True,False,False,False,False,False,0.0,0.0,0.0,0.0
2023H2|F_ASIAN_RANGE_SWEEP|2023-11-14T08:00:00+00:00|1,True,True,False,False,False,False,False,0.0,0.0,8.881784197001252e-16,0.0
2023H2|F_ASIAN_RANGE_SWEEP|2023-11-15T09:30:00+00:00|1,True,True,False,False,False,False,False,0.0,0.0,0.0,7.105427357601002e-15
2023H2|F_ASIAN_RANGE_SWEEP|2023-11-15T14:00:00+00:00|-1,True,True,False,False,False,False,False,0.0,0.0,0.0,0.0
2023H2|F_ASIAN_RANGE_SWEEP|2023-11-16T07:45:00+00:00|-1,True,True,False,False,False,False,False,0.0,0.0,1.7763568394002505e-15,1.4210854715202004e-14
2023H2|F_ASIAN_RANGE_SWEEP|2023-11-21T08:45:00+00:00|1,True,True,False,False,False,False,False,0.0,0.0,0.0,0.0
2023H2|F_ASIAN_RANGE_SWEEP|2023-11-21T19:30:00+00:00|-1,True,True,False,False,False,False,False,0.0,0.0,0.0,0.0
2023H2|F_ASIAN_RANGE_SWEEP|2023-11-22T09:45:00+00:00|-1,True,True,False,False,False,False,False,0.0,0.0,0.0,0.0
2023H2|F_ASIAN_RANGE_SWEEP|2023-11-23T13:00:00+00:00|-1,True,True,False,False,False,False,False,0.0,0.0,0.0,0.0
2023H2|F_ASIAN_RANGE_SWEEP|2023-11-27T07:45:00+00:00|1,True,True,False,False,False,False,False,0.0,0.0,0.0,0.0
2023H2|F_ASIAN_RANGE_SWEEP|2023-11-28T13:45:00+00:00|-1,True,True,False,False,False,False,False,0.0,0.0,0.0,0.0
2023H2|F_ASIAN_RANGE_SWEEP|2023-11-29T09:00:00+00:00|-1,True,True,False,False,False,False,False,0.0,0.0,0.0,0.0
2023H2|F_ASIAN_RANGE_SWEEP|2023-11-30T08:00:00+00:00|-1,True,True,False,False,False,False,False,0.0,0.0,0.0,0.0
2023H2|F_ASIAN_RANGE_SWEEP|2023-12-01T08:15:00+00:00|-1,True,True,False,False,False,False,False,0.0,0.0,0.0,0.0
2023H2|F_ASIAN_RANGE_SWEEP|2023-12-04T08:45:00+00:00|-1,True,True,False,False,False,False,False,0.0,0.0,7.105427357601002e-15,5.684341886080802e-14
2023H2|F_ASIAN_RANGE_SWEEP|2023-12-05T08:15:00+00:00|1,True,True,False,False,False,False,False,0.0,0.0,0.0,0.0
2023H2|F_ASIAN_RANGE_SWEEP|2023-12-05T18:45:00+00:00|-1,True,True,False,False,False,False,False,0.0,0.0,0.0,0.0
2023H2|F_ASIAN_RANGE_SWEEP|2023-12-06T08:45:00+00:00|1,True,True,False,False,False,False,False,0.0,0.0,3.552713678800501e-15,0.0
2023H2|F_ASIAN_RANGE_SWEEP|2023-12-06T12:15:00+00:00|-1,True,True,False,False,False,False,False,0.0,0.0,0.0,0.0
2023H2|F_ASIAN_RANGE_SWEEP|2023-12-08T07:30:00+00:00|-1,True,True,False,False,False,False,False,0.0,0.0,2.220446049250313e-16,0.0
2023H2|F_ASIAN_RANGE_SWEEP|2023-12-12T07:30:00+00:00|1,True,True,False,False,False,False,False,0.0,0.0,0.0,0.0
2023H2|F_ASIAN_RANGE_SWEEP|2023-12-13T07:30:00+00:00|-1,True,True,False,False,False,False,False,0.0,0.0,0.0,0.0
2023H2|F_ASIAN_RANGE_SWEEP|2023-12-13T15:15:00+00:00|1,True,True,False,False,False,False,False,0.0,0.0,0.0,0.0
2023H2|F_ASIAN_RANGE_SWEEP|2023-12-15T10:45:00+00:00|1,True,True,False,False,False,False,False,0.0,0.0,0.0,0.0
2023H2|F_ASIAN_RANGE_SWEEP|2023-12-18T08:30:00+00:00|-1,True,True,False,False,False,False,False,0.0,0.0,0.0,0.0
2023H2|F_ASIAN_RANGE_SWEEP|2023-12-19T15:30:00+00:00|-1,True,True,False,False,False,False,False,0.0,0.0,1.7763568394002505e-15,1.4210854715202004e-14
2023H2|F_ASIAN_RANGE_SWEEP|2023-12-20T07:30:00+00:00|1,True,True,False,False,False,False,False,0.0,0.0,0.0,0.0
2023H2|F_ASIAN_RANGE_SWEEP|2023-12-22T17:30:00+00:00|-1,True,True,False,False,False,False,False,0.0,0.0,0.0,0.0
2023H2|F_ASIAN_RANGE_SWEEP|2023-12-26T07:45:00+00:00|-1,True,True,False,False,False,False,False,0.0,0.0,0.0,0.0
2023H2|F_ASIAN_RANGE_SWEEP|2023-12-28T14:00:00+00:00|1,True,True,False,False,False,False,False,0.0,0.0,0.0,0.0
2023H2|F_ASIAN_RANGE_SWEEP|2023-12-29T07:30:00+00:00|1,True,True,False,False,False,False,False,0.0,0.0,0.0,0.0
2023H2|F_ASIAN_RANGE_SWEEP|2023-12-29T11:45:00+00:00|-1,True,True,False,False,False,False,False,0.0,0.0,0.0,0.0
2024H1|F_ASIAN_RANGE_SWEEP|2024-01-02T09:15:00+00:00|-1,True,True,False,False,False,False,False,0.0,0.0,3.552713678800501e-15,2.842170943040401e-14
2024H1|F_ASIAN_RANGE_SWEEP|2024-01-05T10:30:00+00:00|-1,True,True,False,False,False,False,False,0.0,0.0,3.552713678800501e-15,2.842170943040401e-14
2024H1|F_ASIAN_RANGE_SWEEP|2024-01-05T17:15:00+00:00|1,True,True,False,False,False,False,False,0.0,0.0,0.0,0.0
2024H1|F_ASIAN_RANGE_SWEEP|2024-01-08T07:15:00+00:00|1,True,True,False,False,False,False,False,0.0,0.0,0.0,0.0
2024H1|F_ASIAN_RANGE_SWEEP|2024-01-09T08:30:00+00:00|-1,True,True,False,False,False,False,False,0.0,0.0,0.0,0.0
2024H1|F_ASIAN_RANGE_SWEEP|2024-01-10T07:30:00+00:00|-1,True,True,False,False,False,False,False,0.0,0.0,1.7763568394002505e-15,1.4210854715202004e-14
2024H1|F_ASIAN_RANGE_SWEEP|2024-01-11T13:45:00+00:00|1,True,True,False,False,False,False,False,0.0,0.0,0.0,0.0
2024H1|F_ASIAN_RANGE_SWEEP|2024-01-11T19:15:00+00:00|-1,True,True,False,False,False,False,False,0.0,0.0,0.0,0.0
2024H1|F_ASIAN_RANGE_SWEEP|2024-01-12T13:45:00+00:00|1,True,True,False,False,False,False,False,0.0,0.0,0.0,0.0
2024H1|F_ASIAN_RANGE_SWEEP|2024-01-17T08:00:00+00:00|-1,True,True,False,False,False,False,False,0.0,0.0,1.7763568394002505e-15,1.4210854715202004e-14
2024H1|F_ASIAN_RANGE_SWEEP|2024-01-18T09:45:00+00:00|1,True,True,False,False,False,False,False,0.0,0.0,0.0,0.0
2024H1|F_ASIAN_RANGE_SWEEP|2024-01-18T14:00:00+00:00|-1,True,True,False,False,False,False,False,0.0,0.0,0.0,0.0
2024H1|F_ASIAN_RANGE_SWEEP|2024-01-19T09:15:00+00:00|1,True,True,False,False,False,False,False,0.0,0.0,0.0,0.0
2024H1|F_ASIAN_RANGE_SWEEP|2024-01-22T09:15:00+00:00|-1,True,True,False,False,False,False,False,0.0,0.0,3.552713678800501e-15,5.684341886080802e-14
2024H1|F_ASIAN_RANGE_SWEEP|2024-01-22T12:45:00+00:00|1,True,True,False,False,False,False,False,0.0,0.0,0.0,0.0
2024H1|F_ASIAN_RANGE_SWEEP|2024-01-23T16:30:00+00:00|-1,True,True,False,False,False,False,False,0.0,0.0,0.0,0.0
2024H1|F_ASIAN_RANGE_SWEEP|2024-01-24T07:15:00+00:00|1,True,True,False,False,False,False,False,0.0,0.0,0.0,0.0
2024H1|F_ASIAN_RANGE_SWEEP|2024-01-25T07:45:00+00:00|1,True,True,False,False,False,False,False,0.0,0.0,8.881784197001252e-16,7.105427357601002e-15
2024H1|F_ASIAN_RANGE_SWEEP|2024-01-25T13:45:00+00:00|-1,True,True,False,False,False,False,False,0.0,0.0,0.0,0.0
2024H1|F_ASIAN_RANGE_SWEEP|2024-01-26T07:30:00+00:00|-1,True,True,False,False,False,False,False,0.0,0.0,0.0,0.0
2024H1|F_ASIAN_RANGE_SWEEP|2024-01-26T13:45:00+00:00|1,True,True,False,False,False,False,False,0.0,0.0,0.0,0.0
2024H1|F_ASIAN_RANGE_SWEEP|2024-01-29T12:15:00+00:00|1,True,True,False,False,False,False,False,0.0,0.0,0.0,0.0
2024H1|F_ASIAN_RANGE_SWEEP|2024-01-30T07:45:00+00:00|1,True,True,False,False,False,False,False,0.0,0.0,0.0,0.0
2024H1|F_ASIAN_RANGE_SWEEP|2024-01-30T13:30:00+00:00|-1,True,True,False,False,False,False,False,0.0,0.0,0.0,0.0
2024H1|F_ASIAN_RANGE_SWEEP|2024-01-31T07:15:00+00:00|-1,True,True,False,False,False,False,False,0.0,0.0,0.0,0.0
2024H1|F_ASIAN_RANGE_SWEEP|2024-02-01T12:30:00+00:00|-1,True,True,False,False,False,False,False,0.0,0.0,7.105427357601002e-15,5.684341886080802e-14
2024H1|F_ASIAN_RANGE_SWEEP|2024-02-02T07:15:00+00:00|-1,True,True,False,False,False,False,False,0.0,0.0,3.552713678800501e-15,2.842170943040401e-14
2024H1|F_ASIAN_RANGE_SWEEP|2024-02-05T16:15:00+00:00|-1,True,True,False,False,False,False,False,0.0,0.0,0.0,0.0
2024H1|F_ASIAN_RANGE_SWEEP|2024-02-06T09:15:00+00:00|-1,True,True,False,False,False,False,False,0.0,0.0,0.0,0.0
2024H1|F_ASIAN_RANGE_SWEEP|2024-02-07T09:15:00+00:00|-1,True,True,False,False,False,False,False,0.0,0.0,0.0,0.0
2024H1|F_ASIAN_RANGE_SWEEP|2024-02-07T15:00:00+00:00|1,True,True,False,False,False,False,False,0.0,0.0,0.0,0.0
2024H1|F_ASIAN_RANGE_SWEEP|2024-02-08T07:15:00+00:00|-1,True,True,False,False,False,False,False,0.0,0.0,0.0,0.0
2024H1|F_ASIAN_RANGE_SWEEP|2024-02-09T07:30:00+00:00|1,True,True,False,False,False,False,False,0.0,0.0,0.0,0.0
2024H1|F_ASIAN_RANGE_SWEEP|2024-02-09T12:45:00+00:00|-1,True,True,False,False,False,False,False,0.0,0.0,0.0,0.0
2024H1|F_ASIAN_RANGE_SWEEP|2024-02-12T07:30:00+00:00|1,True,True,False,False,False,False,False,0.0,0.0,0.0,0.0
2024H1|F_ASIAN_RANGE_SWEEP|2024-02-13T07:15:00+00:00|-1,True,True,False,False,False,False,False,0.0,0.0,0.0,0.0
2024H1|F_ASIAN_RANGE_SWEEP|2024-02-13T13:30:00+00:00|1,True,True,False,False,False,False,False,0.0,0.0,2.842170943040401e-14,2.2737367544323206e-13
2024H1|F_ASIAN_RANGE_SWEEP|2024-02-14T07:30:00+00:00|1,True,True,False,False,False,False,False,0.0,0.0,0.0,0.0
2024H1|F_ASIAN_RANGE_SWEEP|2024-02-15T07:15:00+00:00|1,True,True,False,False,False,False,False,0.0,0.0,0.0,0.0
2024H1|F_ASIAN_RANGE_SWEEP|2024-02-16T13:30:00+00:00|-1,True,True,False,False,False,False,False,0.0,0.0,0.0,0.0
2024H1|F_ASIAN_RANGE_SWEEP|2024-02-19T19:15:00+00:00|-1,True,True,False,False,False,False,False,0.0,0.0,0.0,0.0
2024H1|F_ASIAN_RANGE_SWEEP|2024-02-20T11:30:00+00:00|1,True,True,False,False,False,False,False,0.0,0.0,0.0,0.0
2024H1|F_ASIAN_RANGE_SWEEP|2024-02-21T07:15:00+00:00|-1,True,True,False,False,False,False,False,0.0,0.0,0.0,0.0
2024H1|F_ASIAN_RANGE_SWEEP|2024-02-22T08:45:00+00:00|1,True,True,False,False,False,False,False,0.0,0.0,0.0,0.0
2024H1|F_ASIAN_RANGE_SWEEP|2024-02-22T13:30:00+00:00|-1,True,True,False,False,False,False,False,0.0,0.0,1.7763568394002505e-15,1.4210854715202004e-14
2024H1|F_ASIAN_RANGE_SWEEP|2024-02-23T09:00:00+00:00|-1,True,True,False,False,False,False,False,0.0,0.0,0.0,0.0
2024H1|F_ASIAN_RANGE_SWEEP|2024-02-23T13:30:00+00:00|1,True,True,False,False,False,False,False,0.0,0.0,0.0,0.0
2024H1|F_ASIAN_RANGE_SWEEP|2024-02-27T15:30:00+00:00|1,True,True,False,False,False,False,False,0.0,0.0,1.7763568394002505e-15,0.0
2024H1|F_ASIAN_RANGE_SWEEP|2024-02-28T07:15:00+00:00|-1,True,True,False,False,False,False,False,0.0,0.0,0.0,0.0
2024H1|F_ASIAN_RANGE_SWEEP|2024-02-29T07:15:00+00:00|1,True,True,False,False,False,False,False,0.0,0.0,0.0,0.0
2024H1|F_ASIAN_RANGE_SWEEP|2024-03-01T11:30:00+00:00|-1,True,True,False,False,False,False,False,0.0,0.0,0.0,2.842170943040401e-14
2024H1|F_ASIAN_RANGE_SWEEP|2024-03-01T19:45:00+00:00|1,True,True,False,False,False,False,False,0.0,0.0,2.220446049250313e-16,0.0
2024H1|F_ASIAN_RANGE_SWEEP|2024-03-04T07:45:00+00:00|-1,True,True,False,False,False,False,False,0.0,0.0,0.0,0.0
2024H1|F_ASIAN_RANGE_SWEEP|2024-03-05T08:00:00+00:00|1,True,True,False,False,False,False,False,0.0,0.0,0.0,0.0
2024H1|F_ASIAN_RANGE_SWEEP|2024-03-07T07:30:00+00:00|1,True,True,False,False,False,False,False,0.0,0.0,3.552713678800501e-15,0.0
2024H1|F_ASIAN_RANGE_SWEEP|2024-03-11T10:00:00+00:00|1,True,True,False,False,False,False,False,0.0,0.0,0.0,0.0
2024H1|F_ASIAN_RANGE_SWEEP|2024-03-11T14:30:00+00:00|-1,True,True,False,False,False,False,False,0.0,0.0,0.0,0.0
2024H1|F_ASIAN_RANGE_SWEEP|2024-03-12T12:45:00+00:00|-1,True,True,False,False,False,False,False,0.0,0.0,0.0,0.0
2024H1|F_ASIAN_RANGE_SWEEP|2024-03-13T15:30:00+00:00|-1,True,True,False,False,False,False,False,0.0,0.0,0.0,0.0
2024H1|F_ASIAN_RANGE_SWEEP|2024-03-14T12:45:00+00:00|-1,True,True,False,False,False,False,False,0.0,0.0,0.0,0.0
2024H1|F_ASIAN_RANGE_SWEEP|2024-03-15T07:15:00+00:00|1,True,True,False,False,False,False,False,0.0,0.0,0.0,0.0
2024H1|F_ASIAN_RANGE_SWEEP|2024-03-15T11:45:00+00:00|-1,True,True,False,False,False,False,False,0.0,0.0,0.0,0.0
2024H1|F_ASIAN_RANGE_SWEEP|2024-03-19T09:00:00+00:00|-1,True,True,False,False,False,False,False,0.0,0.0,0.0,0.0
2024H1|F_ASIAN_RANGE_SWEEP|2024-03-20T15:15:00+00:00|-1,True,True,False,False,False,False,False,0.0,0.0,0.0,0.0
2024H1|F_ASIAN_RANGE_SWEEP|2024-03-20T19:15:00+00:00|1,True,True,False,False,False,False,False,0.0,0.0,0.0,0.0
2024H1|F_ASIAN_RANGE_SWEEP|2024-03-21T10:00:00+00:00|-1,True,True,False,False,False,False,False,0.0,0.0,0.0,0.0
2024H1|F_ASIAN_RANGE_SWEEP|2024-03-22T13:15:00+00:00|1,True,True,False,False,False,False,False,0.0,0.0,0.0,0.0
2024H1|F_ASIAN_RANGE_SWEEP|2024-03-25T09:30:00+00:00|-1,True,True,False,False,False,False,False,0.0,0.0,0.0,0.0
2024H1|F_ASIAN_RANGE_SWEEP|2024-03-26T09:30:00+00:00|1,True,True,False,False,False,False,False,0.0,0.0,0.0,0.0
2024H1|F_ASIAN_RANGE_SWEEP|2024-03-26T13:15:00+00:00|-1,True,True,False,False,False,False,False,0.0,0.0,0.0,0.0
2024H1|F_ASIAN_RANGE_SWEEP|2024-03-28T13:15:00+00:00|1,True,True,False,False,False,False,False,0.0,0.0,0.0,0.0
2024H1|F_ASIAN_RANGE_SWEEP|2024-03-29T14:30:00+00:00|1,True,True,False,False,False,False,False,0.0,0.0,0.0,0.0
2024H1|F_ASIAN_RANGE_SWEEP|2024-04-02T14:15:00+00:00|1,True,True,False,False,False,False,False,0.0,0.0,0.0,0.0
2024H1|F_ASIAN_RANGE_SWEEP|2024-04-03T08:00:00+00:00|-1,True,True,False,False,False,False,False,0.0,0.0,0.0,0.0
2024H1|F_ASIAN_RANGE_SWEEP|2024-04-04T07:30:00+00:00|-1,True,True,False,False,False,False,False,0.0,0.0,5.551115123125783e-17,0.0
2024H1|F_ASIAN_RANGE_SWEEP|2024-04-04T14:00:00+00:00|1,True,True,False,False,False,False,False,0.0,0.0,0.0,0.0
2024H1|F_ASIAN_RANGE_SWEEP|2024-04-05T07:45:00+00:00|-1,True,True,False,False,False,False,False,0.0,0.0,0.0,0.0
2024H1|F_ASIAN_RANGE_SWEEP|2024-04-08T10:30:00+00:00|-1,True,True,False,False,False,False,False,0.0,0.0,0.0,0.0
2024H1|F_ASIAN_RANGE_SWEEP|2024-04-09T07:15:00+00:00|-1,True,True,False,False,False,False,False,0.0,0.0,1.7763568394002505e-15,1.4210854715202004e-14
2024H1|F_ASIAN_RANGE_SWEEP|2024-04-09T11:00:00+00:00|1,True,True,False,False,False,False,False,0.0,0.0,0.0,0.0
2024H1|F_ASIAN_RANGE_SWEEP|2024-04-10T10:30:00+00:00|-1,True,True,False,False,False,False,False,0.0,0.0,0.0,0.0
2024H1|F_ASIAN_RANGE_SWEEP|2024-04-11T07:15:00+00:00|-1,True,True,False,False,False,False,False,0.0,0.0,0.0,0.0
2024H1|F_ASIAN_RANGE_SWEEP|2024-04-12T07:30:00+00:00|-1,True,True,False,False,False,False,False,0.0,0.0,0.0,0.0
2024H1|F_ASIAN_RANGE_SWEEP|2024-04-12T13:45:00+00:00|1,True,True,False,False,False,False,False,0.0,0.0,0.0,7.105427357601002e-15
2024H1|F_ASIAN_RANGE_SWEEP|2024-04-15T08:15:00+00:00|-1,True,True,False,False,False,False,False,0.0,0.0,0.0,0.0
2024H1|F_ASIAN_RANGE_SWEEP|2024-04-16T12:45:00+00:00|-1,True,True,False,False,False,False,False,0.0,0.0,0.0,0.0
2024H1|F_ASIAN_RANGE_SWEEP|2024-04-18T09:30:00+00:00|-1,True,True,False,False,False,False,False,0.0,0.0,0.0,0.0
2024H1|F_ASIAN_RANGE_SWEEP|2024-04-22T10:15:00+00:00|-1,True,True,False,False,False,False,False,0.0,0.0,0.0,0.0
2024H1|F_ASIAN_RANGE_SWEEP|2024-04-23T07:45:00+00:00|-1,True,True,False,False,False,False,False,0.0,0.0,0.0,0.0
2024H1|F_ASIAN_RANGE_SWEEP|2024-04-23T14:15:00+00:00|1,True,True,False,False,False,False,False,0.0,0.0,4.440892098500626e-16,3.552713678800501e-15
2024H1|F_ASIAN_RANGE_SWEEP|2024-04-24T07:15:00+00:00|-1,True,True,False,False,False,False,False,0.0,0.0,0.0,0.0
2024H1|F_ASIAN_RANGE_SWEEP|2024-04-25T13:00:00+00:00|-1,True,True,False,False,False,False,False,0.0,0.0,0.0,0.0
2024H1|F_ASIAN_RANGE_SWEEP|2024-04-26T08:15:00+00:00|-1,True,True,False,False,False,False,False,0.0,0.0,0.0,0.0
2024H1|F_ASIAN_RANGE_SWEEP|2024-04-29T07:45:00+00:00|1,True,True,False,False,False,False,False,0.0,0.0,0.0,0.0
2024H1|F_ASIAN_RANGE_SWEEP|2024-04-30T12:15:00+00:00|-1,True,True,False,False,False,False,False,0.0,0.0,0.0,0.0
2024H1|F_ASIAN_RANGE_SWEEP|2024-05-01T07:15:00+00:00|-1,True,True,False,False,False,False,False,0.0,0.0,0.0,0.0
2024H1|F_ASIAN_RANGE_SWEEP|2024-05-02T09:15:00+00:00|1,True,True,False,False,False,False,False,0.0,0.0,0.0,0.0
2024H1|F_ASIAN_RANGE_SWEEP|2024-05-03T14:30:00+00:00|1,True,True,False,False,False,False,False,0.0,0.0,0.0,0.0
2024H1|F_ASIAN_RANGE_SWEEP|2024-05-07T17:30:00+00:00|-1,True,True,False,False,False,False,False,0.0,0.0,0.0,0.0
2024H1|F_ASIAN_RANGE_SWEEP|2024-05-08T07:30:00+00:00|-1,True,True,False,False,False,False,False,0.0,0.0,0.0,0.0
2024H1|F_ASIAN_RANGE_SWEEP|2024-05-09T07:45:00+00:00|-1,True,True,False,False,False,False,False,0.0,0.0,0.0,0.0
2024H1|F_ASIAN_RANGE_SWEEP|2024-05-10T07:45:00+00:00|-1,True,True,False,False,False,False,False,0.0,0.0,0.0,0.0
2024H1|F_ASIAN_RANGE_SWEEP|2024-05-14T12:45:00+00:00|-1,True,True,False,False,False,False,False,0.0,0.0,0.0,0.0
2024H1|F_ASIAN_RANGE_SWEEP|2024-05-17T08:45:00+00:00|-1,True,True,False,False,False,False,False,0.0,0.0,4.440892098500626e-16,0.0
2024H1|F_ASIAN_RANGE_SWEEP|2024-05-17T15:00:00+00:00|1,True,True,False,False,False,False,False,0.0,0.0,0.0,0.0
2024H1|F_ASIAN_RANGE_SWEEP|2024-05-20T07:45:00+00:00|1,True,True,False,False,False,False,False,0.0,0.0,0.0,0.0
2024H1|F_ASIAN_RANGE_SWEEP|2024-05-20T12:30:00+00:00|-1,True,True,False,False,False,False,False,0.0,0.0,1.7763568394002505e-15,2.842170943040401e-14
2024H1|F_ASIAN_RANGE_SWEEP|2024-05-21T07:30:00+00:00|1,True,True,False,False,False,False,False,0.0,0.0,0.0,0.0
2024H1|F_ASIAN_RANGE_SWEEP|2024-05-22T08:45:00+00:00|-1,True,True,False,False,False,False,False,0.0,0.0,0.0,0.0
2024H1|F_ASIAN_RANGE_SWEEP|2024-05-23T07:30:00+00:00|1,True,True,False,False,False,False,False,0.0,0.0,0.0,0.0
2024H1|F_ASIAN_RANGE_SWEEP|2024-05-23T18:15:00+00:00|-1,True,True,False,False,False,False,False,0.0,0.0,0.0,0.0
2024H1|F_ASIAN_RANGE_SWEEP|2024-05-24T14:15:00+00:00|1,True,True,False,False,False,False,False,0.0,0.0,0.0,0.0
2024H1|F_ASIAN_RANGE_SWEEP|2024-05-27T07:30:00+00:00|-1,True,True,False,False,False,False,False,0.0,0.0,4.440892098500626e-16,0.0
2024H1|F_ASIAN_RANGE_SWEEP|2024-05-28T08:45:00+00:00|-1,True,True,False,False,False,False,False,0.0,0.0,0.0,0.0
2024H1|F_ASIAN_RANGE_SWEEP|2024-05-28T13:30:00+00:00|1,True,True,False,False,False,False,False,0.0,0.0,0.0,0.0
2024H1|F_ASIAN_RANGE_SWEEP|2024-05-30T07:30:00+00:00|1,True,True,False,False,False,False,False,0.0,0.0,0.0,0.0
2024H1|F_ASIAN_RANGE_SWEEP|2024-05-31T07:30:00+00:00|-1,True,True,False,False,False,False,False,0.0,0.0,0.0,0.0
2024H1|F_ASIAN_RANGE_SWEEP|2024-05-31T14:30:00+00:00|1,True,True,False,False,False,False,False,0.0,0.0,0.0,0.0
2024H1|F_ASIAN_RANGE_SWEEP|2024-06-05T07:15:00+00:00|-1,True,True,False,False,False,False,False,0.0,0.0,1.7763568394002505e-15,0.0
2024H1|F_ASIAN_RANGE_SWEEP|2024-06-06T09:00:00+00:00|-1,True,True,False,False,False,False,False,0.0,0.0,0.0,0.0
2024H1|F_ASIAN_RANGE_SWEEP|2024-06-07T07:45:00+00:00|1,True,True,False,False,False,False,False,0.0,0.0,1.7763568394002505e-15,0.0
2024H1|F_ASIAN_RANGE_SWEEP|2024-06-11T07:45:00+00:00|-1,True,True,False,False,False,False,False,0.0,0.0,0.0,0.0
2024H1|F_ASIAN_RANGE_SWEEP|2024-06-11T12:15:00+00:00|1,True,True,False,False,False,False,False,0.0,0.0,0.0,0.0
2024H1|F_ASIAN_RANGE_SWEEP|2024-06-12T08:00:00+00:00|-1,True,True,False,False,False,False,False,0.0,0.0,0.0,7.105427357601002e-15
2024H1|F_ASIAN_RANGE_SWEEP|2024-06-13T08:30:00+00:00|-1,True,True,False,False,False,False,False,0.0,0.0,0.0,0.0
2024H1|F_ASIAN_RANGE_SWEEP|2024-06-13T12:45:00+00:00|1,True,True,False,False,False,False,False,0.0,0.0,0.0,0.0
2024H1|F_ASIAN_RANGE_SWEEP|2024-06-18T07:15:00+00:00|-1,True,True,False,False,False,False,False,0.0,0.0,0.0,0.0
2024H1|F_ASIAN_RANGE_SWEEP|2024-06-19T07:15:00+00:00|1,True,True,False,False,False,False,False,0.0,0.0,0.0,2.842170943040401e-14
2024H1|F_ASIAN_RANGE_SWEEP|2024-06-19T12:45:00+00:00|-1,True,True,False,False,False,False,False,0.0,0.0,0.0,0.0
2024H1|F_ASIAN_RANGE_SWEEP|2024-06-21T09:00:00+00:00|1,True,True,False,False,False,False,False,0.0,0.0,0.0,7.105427357601002e-15
2024H1|F_ASIAN_RANGE_SWEEP|2024-06-24T09:30:00+00:00|1,True,True,False,False,False,False,False,0.0,0.0,1.7763568394002505e-15,1.4210854715202004e-14
2024H1|F_ASIAN_RANGE_SWEEP|2024-06-25T14:15:00+00:00|-1,True,True,False,False,False,False,False,0.0,0.0,0.0,0.0
2024H1|F_ASIAN_RANGE_SWEEP|2024-06-26T07:45:00+00:00|-1,True,True,False,False,False,False,False,0.0,0.0,3.552713678800501e-15,0.0
2024H1|F_ASIAN_RANGE_SWEEP|2024-06-27T13:00:00+00:00|1,True,True,False,False,False,False,False,0.0,0.0,3.552713678800501e-15,0.0
2024H1|F_ASIAN_RANGE_SWEEP|2024-06-27T17:00:00+00:00|-1,True,True,False,False,False,False,False,0.0,0.0,1.7763568394002505e-15,1.4210854715202004e-14
2024H1|F_ASIAN_RANGE_SWEEP|2024-06-28T15:00:00+00:00|1,True,True,False,False,False,False,False,0.0,0.0,0.0,0.0
2024H2|F_ASIAN_RANGE_SWEEP|2024-07-02T13:30:00+00:00|1,True,True,False,False,False,False,False,0.0,0.0,1.7763568394002505e-15,1.4210854715202004e-14
2024H2|F_ASIAN_RANGE_SWEEP|2024-07-03T10:30:00+00:00|-1,True,True,False,False,False,False,False,0.0,0.0,3.552713678800501e-15,5.684341886080802e-14
2024H2|F_ASIAN_RANGE_SWEEP|2024-07-03T15:30:00+00:00|1,True,True,False,False,False,False,False,0.0,0.0,0.0,0.0
2024H2|F_ASIAN_RANGE_SWEEP|2024-07-04T10:30:00+00:00|1,True,True,False,False,False,False,False,0.0,0.0,0.0,0.0
2024H2|F_ASIAN_RANGE_SWEEP|2024-07-05T12:45:00+00:00|1,True,True,False,False,False,False,False,0.0,0.0,0.0,0.0
2024H2|F_ASIAN_RANGE_SWEEP|2024-07-08T12:30:00+00:00|-1,True,True,False,False,False,False,False,0.0,0.0,0.0,1.4210854715202004e-14
2024H2|F_ASIAN_RANGE_SWEEP|2024-07-09T07:15:00+00:00|1,True,True,False,False,False,False,False,0.0,0.0,0.0,2.842170943040401e-14
2024H2|F_ASIAN_RANGE_SWEEP|2024-07-09T11:30:00+00:00|-1,True,True,False,False,False,False,False,0.0,0.0,0.0,0.0
2024H2|F_ASIAN_RANGE_SWEEP|2024-07-10T09:45:00+00:00|-1,True,True,False,False,False,False,False,0.0,0.0,0.0,0.0
2024H2|F_ASIAN_RANGE_SWEEP|2024-07-11T07:15:00+00:00|-1,True,True,False,False,False,False,False,0.0,0.0,0.0,0.0
2024H2|F_ASIAN_RANGE_SWEEP|2024-07-12T13:30:00+00:00|1,True,True,False,False,False,False,False,0.0,0.0,0.0,0.0
2024H2|F_ASIAN_RANGE_SWEEP|2024-07-15T08:45:00+00:00|1,True,True,False,False,False,False,False,0.0,0.0,3.552713678800501e-15,2.842170943040401e-14
2024H2|F_ASIAN_RANGE_SWEEP|2024-07-16T13:00:00+00:00|-1,True,True,False,False,False,False,False,0.0,0.0,0.0,2.842170943040401e-14
2024H2|F_ASIAN_RANGE_SWEEP|2024-07-18T09:00:00+00:00|-1,True,True,False,False,False,False,False,0.0,0.0,0.0,0.0
2024H2|F_ASIAN_RANGE_SWEEP|2024-07-19T07:15:00+00:00|1,True,True,False,False,False,False,False,0.0,0.0,0.0,0.0
2024H2|F_ASIAN_RANGE_SWEEP|2024-07-23T12:15:00+00:00|1,True,True,False,False,False,False,False,0.0,0.0,3.552713678800501e-15,2.842170943040401e-14
2024H2|F_ASIAN_RANGE_SWEEP|2024-07-24T09:45:00+00:00|1,True,True,False,False,False,False,False,0.0,0.0,0.0,0.0
2024H2|F_ASIAN_RANGE_SWEEP|2024-07-25T07:30:00+00:00|1,True,True,False,False,False,False,False,0.0,0.0,0.0,0.0
2024H2|F_ASIAN_RANGE_SWEEP|2024-07-25T13:15:00+00:00|-1,True,True,False,False,False,False,False,0.0,0.0,0.0,0.0
2024H2|F_ASIAN_RANGE_SWEEP|2024-07-26T07:45:00+00:00|-1,True,True,False,False,False,False,False,0.0,0.0,0.0,0.0
2024H2|F_ASIAN_RANGE_SWEEP|2024-07-26T14:30:00+00:00|1,True,True,False,False,False,False,False,0.0,0.0,0.0,0.0
2024H2|F_ASIAN_RANGE_SWEEP|2024-08-01T14:15:00+00:00|-1,True,True,False,False,False,False,False,0.0,0.0,0.0,0.0
2024H2|F_ASIAN_RANGE_SWEEP|2024-08-02T07:30:00+00:00|1,True,True,False,False,False,False,False,0.0,0.0,0.0,0.0
2024H2|F_ASIAN_RANGE_SWEEP|2024-08-06T14:00:00+00:00|1,True,True,False,False,False,False,False,0.0,0.0,1.4210854715202004e-14,1.1368683772161603e-13
2024H2|F_ASIAN_RANGE_SWEEP|2024-08-09T12:30:00+00:00|1,True,True,False,False,False,False,False,0.0,0.0,0.0,0.0
2024H2|F_ASIAN_RANGE_SWEEP|2024-08-12T07:15:00+00:00|-1,True,True,False,False,False,False,False,0.0,0.0,0.0,0.0
2024H2|F_ASIAN_RANGE_SWEEP|2024-08-13T13:15:00+00:00|1,True,True,False,False,False,False,False,0.0,0.0,0.0,0.0
2024H2|F_ASIAN_RANGE_SWEEP|2024-08-14T07:15:00+00:00|-1,True,True,False,False,False,False,False,0.0,0.0,0.0,0.0
2024H2|F_ASIAN_RANGE_SWEEP|2024-08-21T07:15:00+00:00|-1,True,True,False,False,False,False,False,0.0,0.0,0.0,0.0
2024H2|F_ASIAN_RANGE_SWEEP|2024-08-21T19:45:00+00:00|1,True,True,False,False,False,False,False,0.0,0.0,1.7763568394002505e-15,1.4210854715202004e-14
2024H2|F_ASIAN_RANGE_SWEEP|2024-08-22T09:00:00+00:00|-1,True,True,False,False,False,False,False,0.0,0.0,0.0,0.0
2024H2|F_ASIAN_RANGE_SWEEP|2024-08-23T14:00:00+00:00|-1,True,True,False,False,False,False,False,0.0,0.0,0.0,2.2737367544323206e-13
2024H2|F_ASIAN_RANGE_SWEEP|2024-08-26T11:45:00+00:00|-1,True,True,False,False,False,False,False,0.0,0.0,0.0,0.0
2024H2|F_ASIAN_RANGE_SWEEP|2024-08-27T09:15:00+00:00|-1,True,True,False,False,False,False,False,0.0,0.0,0.0,0.0
2024H2|F_ASIAN_RANGE_SWEEP|2024-08-28T14:45:00+00:00|-1,True,True,False,False,False,False,False,0.0,0.0,0.0,0.0
2024H2|F_ASIAN_RANGE_SWEEP|2024-08-29T18:00:00+00:00|-1,True,True,False,False,False,False,False,0.0,0.0,0.0,0.0
2024H2|F_ASIAN_RANGE_SWEEP|2024-08-30T09:15:00+00:00|-1,True,True,False,False,False,False,False,0.0,0.0,0.0,0.0
2024H2|F_ASIAN_RANGE_SWEEP|2024-09-03T07:15:00+00:00|1,True,True,False,False,False,False,False,0.0,0.0,0.0,0.0
2024H2|F_ASIAN_RANGE_SWEEP|2024-09-04T07:15:00+00:00|1,True,True,False,False,False,False,False,0.0,0.0,0.0,0.0
2024H2|F_ASIAN_RANGE_SWEEP|2024-09-05T13:00:00+00:00|1,True,True,False,False,False,False,False,0.0,0.0,7.105427357601002e-15,5.684341886080802e-14
2024H2|F_ASIAN_RANGE_SWEEP|2024-09-06T07:45:00+00:00|1,True,True,False,False,False,False,False,0.0,0.0,0.0,0.0
2024H2|F_ASIAN_RANGE_SWEEP|2024-09-06T12:45:00+00:00|-1,True,True,False,False,False,False,False,0.0,0.0,0.0,0.0
2024H2|F_ASIAN_RANGE_SWEEP|2024-09-09T13:15:00+00:00|-1,True,True,False,False,False,False,False,0.0,0.0,0.0,0.0
2024H2|F_ASIAN_RANGE_SWEEP|2024-09-10T07:15:00+00:00|-1,True,True,False,False,False,False,False,0.0,0.0,0.0,0.0
2024H2|F_ASIAN_RANGE_SWEEP|2024-09-10T11:00:00+00:00|1,True,True,False,False,False,False,False,0.0,0.0,0.0,0.0
2024H2|F_ASIAN_RANGE_SWEEP|2024-09-11T12:45:00+00:00|-1,True,True,False,False,False,False,False,0.0,0.0,0.0,0.0
2024H2|F_ASIAN_RANGE_SWEEP|2024-09-12T07:45:00+00:00|-1,True,True,False,False,False,False,False,0.0,0.0,0.0,0.0
2024H2|F_ASIAN_RANGE_SWEEP|2024-09-12T14:15:00+00:00|1,True,True,False,False,False,False,False,0.0,0.0,0.0,0.0
2024H2|F_ASIAN_RANGE_SWEEP|2024-09-13T08:30:00+00:00|1,True,True,False,False,False,False,False,0.0,0.0,0.0,0.0
2024H2|F_ASIAN_RANGE_SWEEP|2024-09-16T08:00:00+00:00|1,True,True,False,False,False,False,False,0.0,0.0,0.0,0.0
2024H2|F_ASIAN_RANGE_SWEEP|2024-09-16T16:00:00+00:00|-1,True,True,False,False,False,False,False,0.0,0.0,0.0,0.0
2024H2|F_ASIAN_RANGE_SWEEP|2024-09-18T12:30:00+00:00|-1,True,True,False,False,False,False,False,0.0,0.0,0.0,0.0
2024H2|F_ASIAN_RANGE_SWEEP|2024-09-18T19:15:00+00:00|1,True,True,False,False,False,False,False,0.0,0.0,0.0,0.0
2024H2|F_ASIAN_RANGE_SWEEP|2024-09-19T07:15:00+00:00|1,True,True,False,False,False,False,False,0.0,0.0,0.0,0.0
2024H2|F_ASIAN_RANGE_SWEEP|2024-09-20T07:15:00+00:00|-1,True,True,False,False,False,False,False,0.0,0.0,0.0,0.0
2024H2|F_ASIAN_RANGE_SWEEP|2024-09-23T13:30:00+00:00|1,True,True,False,False,False,False,False,0.0,0.0,0.0,0.0
2024H2|F_ASIAN_RANGE_SWEEP|2024-09-24T07:30:00+00:00|-1,True,True,False,False,False,False,False,0.0,0.0,3.552713678800501e-15,2.842170943040401e-14
2024H2|F_ASIAN_RANGE_SWEEP|2024-09-24T18:45:00+00:00|1,True,True,False,False,False,False,False,0.0,0.0,0.0,0.0
2024H2|F_ASIAN_RANGE_SWEEP|2024-09-25T07:15:00+00:00|-1,True,True,False,False,False,False,False,0.0,0.0,0.0,0.0
2024H2|F_ASIAN_RANGE_SWEEP|2024-09-26T08:00:00+00:00|-1,True,True,False,False,False,False,False,0.0,0.0,0.0,0.0
2024H2|F_ASIAN_RANGE_SWEEP|2024-09-26T12:45:00+00:00|1,True,True,False,False,False,False,False,0.0,0.0,1.7763568394002505e-15,1.4210854715202004e-14
2024H2|F_ASIAN_RANGE_SWEEP|2024-09-27T07:30:00+00:00|1,True,True,False,False,False,False,False,0.0,0.0,0.0,0.0
2024H2|F_ASIAN_RANGE_SWEEP|2024-09-30T12:30:00+00:00|-1,True,True,False,False,False,False,False,0.0,0.0,0.0,0.0
2024H2|F_ASIAN_RANGE_SWEEP|2024-10-01T09:15:00+00:00|1,True,True,False,False,False,False,False,0.0,0.0,0.0,0.0
2024H2|F_ASIAN_RANGE_SWEEP|2024-10-02T08:00:00+00:00|-1,True,True,False,False,False,False,False,0.0,0.0,0.0,0.0
2024H2|F_ASIAN_RANGE_SWEEP|2024-10-03T08:15:00+00:00|1,True,True,False,False,False,False,False,0.0,0.0,0.0,5.684341886080802e-14
2024H2|F_ASIAN_RANGE_SWEEP|2024-10-07T07:45:00+00:00|1,True,True,False,False,False,False,False,0.0,0.0,0.0,0.0
2024H2|F_ASIAN_RANGE_SWEEP|2024-10-08T08:00:00+00:00|1,True,True,False,False,False,False,False,0.0,0.0,0.0,0.0
2024H2|F_ASIAN_RANGE_SWEEP|2024-10-08T13:45:00+00:00|-1,True,True,False,False,False,False,False,0.0,0.0,0.0,0.0
2024H2|F_ASIAN_RANGE_SWEEP|2024-10-09T09:30:00+00:00|-1,True,True,False,False,False,False,False,0.0,0.0,0.0,0.0
2024H2|F_ASIAN_RANGE_SWEEP|2024-10-10T08:00:00+00:00|1,True,True,False,False,False,False,False,0.0,0.0,0.0,0.0
2024H2|F_ASIAN_RANGE_SWEEP|2024-10-10T12:45:00+00:00|-1,True,True,False,False,False,False,False,0.0,0.0,3.552713678800501e-15,5.684341886080802e-14
2024H2|F_ASIAN_RANGE_SWEEP|2024-10-11T09:45:00+00:00|-1,True,True,False,False,False,False,False,0.0,0.0,0.0,0.0
2024H2|F_ASIAN_RANGE_SWEEP|2024-10-14T08:00:00+00:00|-1,True,True,False,False,False,False,False,0.0,0.0,0.0,0.0
2024H2|F_ASIAN_RANGE_SWEEP|2024-10-15T11:45:00+00:00|1,True,True,False,False,False,False,False,0.0,0.0,0.0,0.0
2024H2|F_ASIAN_RANGE_SWEEP|2024-10-16T08:30:00+00:00|-1,True,True,False,False,False,False,False,0.0,0.0,0.0,0.0
2024H2|F_ASIAN_RANGE_SWEEP|2024-10-17T09:45:00+00:00|-1,True,True,False,False,False,False,False,0.0,0.0,0.0,0.0
2024H2|F_ASIAN_RANGE_SWEEP|2024-10-18T08:15:00+00:00|-1,True,True,False,False,False,False,False,0.0,0.0,4.440892098500626e-16,0.0
2024H2|F_ASIAN_RANGE_SWEEP|2024-10-18T13:45:00+00:00|1,True,True,False,False,False,False,False,0.0,0.0,0.0,0.0
2024H2|F_ASIAN_RANGE_SWEEP|2024-10-22T17:00:00+00:00|-1,True,True,False,False,False,False,False,0.0,0.0,0.0,7.105427357601002e-15
2024H2|F_ASIAN_RANGE_SWEEP|2024-10-23T08:00:00+00:00|-1,True,True,False,False,False,False,False,0.0,0.0,0.0,0.0
2024H2|F_ASIAN_RANGE_SWEEP|2024-10-24T07:15:00+00:00|1,True,True,False,False,False,False,False,0.0,0.0,0.0,0.0
2024H2|F_ASIAN_RANGE_SWEEP|2024-10-25T13:30:00+00:00|-1,True,True,False,False,False,False,False,0.0,0.0,1.7763568394002505e-15,0.0
2024H2|F_ASIAN_RANGE_SWEEP|2024-10-28T14:15:00+00:00|1,True,True,False,False,False,False,False,0.0,0.0,0.0,0.0
2024H2|F_ASIAN_RANGE_SWEEP|2024-10-29T08:00:00+00:00|-1,True,True,False,False,False,False,False,0.0,0.0,0.0,0.0
2024H2|F_ASIAN_RANGE_SWEEP|2024-10-30T09:15:00+00:00|1,True,True,False,False,False,False,False,0.0,0.0,0.0,0.0
2024H2|F_ASIAN_RANGE_SWEEP|2024-10-30T12:45:00+00:00|-1,True,True,False,False,False,False,False,0.0,0.0,0.0,0.0
2024H2|F_ASIAN_RANGE_SWEEP|2024-10-31T07:15:00+00:00|1,True,True,False,False,False,False,False,0.0,0.0,0.0,0.0
2024H2|F_ASIAN_RANGE_SWEEP|2024-11-01T08:15:00+00:00|-1,True,True,False,False,False,False,False,0.0,0.0,0.0,0.0
2024H2|F_ASIAN_RANGE_SWEEP|2024-11-01T12:45:00+00:00|1,True,True,False,False,False,False,False,0.0,0.0,1.4210854715202004e-14,1.1368683772161603e-13
2024H2|F_ASIAN_RANGE_SWEEP|2024-11-04T11:45:00+00:00|1,True,True,False,False,False,False,False,0.0,0.0,7.105427357601002e-15,5.684341886080802e-14
2024H2|F_ASIAN_RANGE_SWEEP|2024-11-05T09:45:00+00:00|1,True,True,False,False,False,False,False,0.0,0.0,0.0,0.0
2024H2|F_ASIAN_RANGE_SWEEP|2024-11-06T13:15:00+00:00|-1,True,True,False,False,False,False,False,0.0,0.0,0.0,0.0
2024H2|F_ASIAN_RANGE_SWEEP|2024-11-07T08:00:00+00:00|1,True,True,False,False,False,False,False,0.0,0.0,0.0,0.0
2024H2|F_ASIAN_RANGE_SWEEP|2024-11-08T08:45:00+00:00|1,True,True,False,False,False,False,False,0.0,0.0,0.0,0.0
2024H2|F_ASIAN_RANGE_SWEEP|2024-11-11T10:00:00+00:00|-1,True,True,False,False,False,False,False,0.0,0.0,0.0,0.0
2024H2|F_ASIAN_RANGE_SWEEP|2024-11-12T11:00:00+00:00|-1,True,True,False,False,False,False,False,0.0,0.0,0.0,0.0
2024H2|F_ASIAN_RANGE_SWEEP|2024-11-13T08:45:00+00:00|-1,True,True,False,False,False,False,False,0.0,0.0,0.0,0.0
2024H2|F_ASIAN_RANGE_SWEEP|2024-11-13T13:45:00+00:00|1,True,True,False,False,False,False,False,0.0,0.0,0.0,0.0
2024H2|F_ASIAN_RANGE_SWEEP|2024-11-14T10:00:00+00:00|-1,True,True,False,False,False,False,False,0.0,0.0,0.0,0.0
2024H2|F_ASIAN_RANGE_SWEEP|2024-11-18T12:15:00+00:00|-1,True,True,False,False,False,False,False,0.0,0.0,0.0,0.0
2024H2|F_ASIAN_RANGE_SWEEP|2024-11-19T07:30:00+00:00|-1,True,True,False,False,False,False,False,0.0,0.0,0.0,0.0
2024H2|F_ASIAN_RANGE_SWEEP|2024-11-19T11:45:00+00:00|1,True,True,False,False,False,False,False,0.0,0.0,0.0,0.0
2024H2|F_ASIAN_RANGE_SWEEP|2024-11-20T15:15:00+00:00|-1,True,True,False,False,False,False,False,0.0,0.0,0.0,0.0
2024H2|F_ASIAN_RANGE_SWEEP|2024-11-21T11:45:00+00:00|1,True,True,False,False,False,False,False,0.0,0.0,0.0,0.0
2024H2|F_ASIAN_RANGE_SWEEP|2024-11-22T15:00:00+00:00|-1,True,True,False,False,False,False,False,0.0,0.0,1.7763568394002505e-15,1.4210854715202004e-14
2024H2|F_ASIAN_RANGE_SWEEP|2024-11-25T10:00:00+00:00|-1,True,True,False,False,False,False,False,0.0,0.0,0.0,0.0
2024H2|F_ASIAN_RANGE_SWEEP|2024-11-26T14:15:00+00:00|1,True,True,False,False,False,False,False,0.0,0.0,3.552713678800501e-15,0.0
2024H2|F_ASIAN_RANGE_SWEEP|2024-11-27T07:15:00+00:00|1,True,True,False,False,False,False,False,0.0,0.0,0.0,0.0
2024H2|F_ASIAN_RANGE_SWEEP|2024-11-28T08:15:00+00:00|-1,True,True,False,False,False,False,False,0.0,0.0,0.0,0.0
2024H2|F_ASIAN_RANGE_SWEEP|2024-11-29T08:00:00+00:00|1,True,True,False,False,False,False,False,0.0,0.0,0.0,0.0
2024H2|F_ASIAN_RANGE_SWEEP|2024-12-02T15:15:00+00:00|1,True,True,False,False,False,False,False,0.0,0.0,3.552713678800501e-15,2.842170943040401e-14
2024H2|F_ASIAN_RANGE_SWEEP|2024-12-03T16:30:00+00:00|1,True,True,False,False,False,False,False,0.0,0.0,0.0,0.0
2024H2|F_ASIAN_RANGE_SWEEP|2024-12-04T16:30:00+00:00|-1,True,True,False,False,False,False,False,0.0,0.0,3.552713678800501e-15,2.842170943040401e-14
2024H2|F_ASIAN_RANGE_SWEEP|2024-12-05T08:15:00+00:00|1,True,True,False,False,False,False,False,0.0,0.0,0.0,0.0
2024H2|F_ASIAN_RANGE_SWEEP|2024-12-05T14:00:00+00:00|-1,True,True,False,False,False,False,False,0.0,0.0,0.0,0.0
2024H2|F_ASIAN_RANGE_SWEEP|2024-12-06T13:45:00+00:00|-1,True,True,False,False,False,False,False,0.0,0.0,0.0,0.0
2024H2|F_ASIAN_RANGE_SWEEP|2024-12-09T07:30:00+00:00|-1,True,True,False,False,False,False,False,0.0,0.0,0.0,2.842170943040401e-14
2024H2|F_ASIAN_RANGE_SWEEP|2024-12-10T09:15:00+00:00|-1,True,True,False,False,False,False,False,0.0,0.0,0.0,0.0
2024H2|F_ASIAN_RANGE_SWEEP|2024-12-11T09:15:00+00:00|1,True,True,False,False,False,False,False,0.0,0.0,0.0,0.0
2024H2|F_ASIAN_RANGE_SWEEP|2024-12-12T14:00:00+00:00|1,True,True,False,False,False,False,False,0.0,0.0,0.0,0.0
2024H2|F_ASIAN_RANGE_SWEEP|2024-12-17T09:15:00+00:00|1,True,True,False,False,False,False,False,0.0,0.0,0.0,0.0
2024H2|F_ASIAN_RANGE_SWEEP|2024-12-18T14:45:00+00:00|-1,True,True,False,False,False,False,False,0.0,0.0,0.0,0.0
2024H2|F_ASIAN_RANGE_SWEEP|2024-12-20T07:30:00+00:00|1,True,True,False,False,False,False,False,0.0,0.0,3.552713678800501e-15,0.0
2024H2|F_ASIAN_RANGE_SWEEP|2024-12-23T08:15:00+00:00|-1,True,True,False,False,False,False,False,0.0,0.0,0.0,0.0
2024H2|F_ASIAN_RANGE_SWEEP|2024-12-25T22:00:00+00:00|1,True,True,False,False,False,False,False,0.0,0.0,1.7763568394002505e-15,0.0
2024H2|F_ASIAN_RANGE_SWEEP|2024-12-27T16:45:00+00:00|1,True,True,False,False,False,False,False,0.0,0.0,0.0,0.0
2024H2|F_ASIAN_RANGE_SWEEP|2024-12-31T07:45:00+00:00|1,True,True,False,False,False,False,False,0.0,0.0,0.0,0.0
2024H2|F_ASIAN_RANGE_SWEEP|2024-12-31T14:00:00+00:00|-1,True,True,False,False,False,False,False,0.0,0.0,7.105427357601002e-15,5.684341886080802e-14
